"Date","NETMKT","SMB","HML","RF","RFY","XLF","XLY","XLV","XLI","XLK","XLB","XLP","XLU","XLE","DXLF","DXLY","DXLV","DXLI","DXLK","DXLB","DXLP","DXLU","DXLE"
2009-07-24,4.38,1.1,1.57,0,0,251.930807650533,321.847574484686,332.862668882732,315.316328150282,297.807733831527,335.863776724336,319.98968582704,338.642209608,393.554420046949,2.28022908739806,5.00514634747589,5.0350520677672,4.49955786190407,3.36383591488305,7.73506822537615,2.47639563501161,5.350355517114,5.50118621327169
2009-07-31,0.92,0.67,2.17,0.001,0.00052,256.571829252441,322.96179214001,332.755084149386,317.30412885244,298.061863574394,337.142522332849,319.948911106801,336.522472120334,392.434675511698,4.64102160190808,1.11421765532418,-0.1075847333463,1.98780070215815,0.254129742867178,1.27874560851262,-0.0407747202387441,-2.11973748766627,-1.11974453525141
2009-08-07,2.47,-0.27,5.19,0.001,0.00052,266.374994220563,327.714473299218,331.890213893533,322.36643416,298.517675961447,340.817299539858,318.96529661913,336.453339729056,392.848673145881,9.80316496812162,4.75268115920738,-0.864870255853191,5.06230530755971,0.455812387053186,3.67477720700947,-0.983614487671332,-0.0691323912774351,0.413997634183318
2009-08-14,-0.62,-0.67,0.59,0.001,0.00052,265.605490598383,325.34704696327,332.970137995709,320.801708153332,298.112612116463,339.417276672519,319.458313229916,336.86741899566,392.612312980693,-0.769503622180025,-2.3674263359477,1.07992410217599,-1.56472600666734,-0.405063844984568,-1.40002286733892,0.493016610785901,0.414079266603153,-0.23636016518833
2009-08-21,2.16,1.06,0.65,0.001,0.00052,267.75909936175,327.032910645712,335.620001573142,323.080439573347,300.022217882684,341.147769106971,320.842136696434,339.182021984956,395.795193731655,2.15360876336717,1.68586368244166,2.64986357743345,2.27873142001499,1.90960576622143,1.73049243445206,1.38382346651855,2.3146029892963,3.18288075096183
2009-08-28,0.19,-0.22,1.85,0,0,269.124308278583,328.12870849896,335.585127989528,323.159459727598,300.963517872298,340.817299539858,320.963324350127,338.371206732114,395.469927970858,1.36520891683273,1.09579785324814,-0.0348735836141145,0.0790201542500881,0.941299989613981,-0.330469567113141,0.12118765369263,-0.810815252842247,-0.325265760796356
2009-09-04,-1.08,-0.08,-1.85,0,0,265.464942437509,326.956893918372,334.955314850982,323.119957455703,300.022217882684,340.219688199524,321.245525706528,336.453339729056,393.104101126391,-3.6593658410734,-1.17181458058792,-0.629813138546183,-0.0395022718942641,-0.941299989613981,-0.59761134033414,0.282201356400947,-1.91786700305721,-2.36582684446745
2009-09-11,2.8,1.41,2.13,0,0,267.621547758219,329.879544804407,336.453339729056,327.146827498737,302.965049175745,342.718996193641,323.198946401358,336.522472120334,398.154906807676,2.15660532070967,2.92265088603551,1.49802487807472,4.02687004303385,2.94283129306092,2.49930799411703,1.95342069483064,0.0691323912774351,5.05080568128488
2009-09-18,2.59,1.32,1.85,0,0,271.73402480093,332.503602069659,335.898553285285,329.620716780452,303.927057556847,346.604835398177,323.474917402449,339.047341829918,401.060056878914,4.11247704271113,2.62405726525179,-0.554786443771775,2.47388928171529,0.962008381102237,3.88583920453624,0.275971001090682,2.52486970958415,2.90515007123838
2009-09-25,-2.3,-0.51,-1.97,0,0,268.033636253469,329.509585077961,335.095616522541,326.308407953252,302.43197304059,341.903729979049,322.843003767301,337.416870927424,398.080252082297,-3.70038854746088,-2.99401699169817,-0.802936762743741,-3.3123088272003,-1.49508451625707,-4.70110541912851,-0.631913635147839,-1.63047090249438,-2.97980479661692
2009-10-02,-1.89,-1.09,-1.05,0,0,265.955999194178,327.827616814965,333.75473545857,323.277873003719,300.815479355255,338.81121421135,323.119957455703,335.06055955461,395.066662902035,-2.07763705929182,-1.68196826299618,-1.34088106397093,-3.03053494953292,-1.61649368533557,-3.09251576769861,0.276953688402045,-2.35631137281405,-3.0135891802621
2009-10-09,4.72,1.26,2.59,0,0,272.39235502585,332.503602069659,336.314931402463,327.902974768795,304.54743654488,344.998754583159,325.501487148407,337.587957367787,402.820475971756,6.43635583167242,4.67598525469435,2.56019594389261,4.62510176507561,3.73195718962569,6.18754037180867,2.38152969270408,2.527397813177,7.75381306972048
2009-10-16,1.37,-0.55,-0.47,0,0,272.261035243354,334.392131384243,337.553763488158,329.805662274264,305.022045883806,346.698512220016,327.22270003652,339.081028877567,407.736793801498,-0.131319782496064,1.88852931458337,1.23883208569521,1.90268750546937,0.474609338925575,1.69975763685716,1.72121288811218,1.49307150978029,4.91631782974287
2009-10-23,-0.87,-1.49,-1.35,0,0,271.469474382088,334.109345759245,335.724549413297,328.391422104742,306.011453248326,345.157358898722,326.078522794541,338.201456224538,406.560209335645,-0.791560861266078,-0.28278562499753,-1.82921407486049,-1.41424016952192,0.989407364519877,-1.54115332129362,-1.14417724197853,-0.879572653028731,-1.17658446585375
2009-10-30,-4.48,-2.38,-3.36,0.001,0.00052,264.262239577975,328.914787785353,333.470139037379,323.040906068187,302.577639490237,337.895177271484,325.153660710775,334.603697048488,401.186834039786,-7.20723480411237,-5.19455797389179,-2.25441037591816,-5.35051603655489,-3.43381375808917,-7.2621816272387,-0.924862083766072,-3.59775917605015,-5.37337529585835
2009-11-06,3.37,0.03,0.32,0.001,0.00052,266.095859356836,333.57695763397,337.279790714046,329.138251565495,305.635689537043,342.393686863164,326.575941076705,336.453339729056,404.445379260864,1.83361977886045,4.66216984861677,3.80965167666659,6.09734549730746,3.05805004680582,4.49850959168094,1.42228036593019,1.84964268056842,3.25854522107727
2009-11-13,2.12,-1.57,1.04,0.001,0.00052,268.512269645851,336.798524745604,339.383702725586,331.418600467253,308.648663682246,346.604835398177,328.541234866844,337.963320374631,404.777692640577,2.41641028901461,3.22156711163422,2.10391201154061,2.28034890175775,3.01297414520292,4.21114853501268,1.96529379013936,1.50998064557507,0.332313379713071
2009-11-20,-0.19,0.06,-0.65,0.001,0.00052,268.102152871429,335.654862999327,341.41136069287,331.273040033983,307.685132483878,347.939222924721,329.175447028077,337.587957367787,403.600898520914,-0.410116774421454,-1.14366174627685,2.02765796728386,-0.145560433270077,-0.963531198367207,1.33438752654405,0.634212161232881,-0.375363006844907,-1.17679411966287
2009-11-27,-0.09,-0.84,-0.83,0.001,0.00052,265.885995691144,335.41057741283,342.718996193641,331.127267413417,307.77729838902,347.661402094691,329.138251565495,338.472918895485,404.340208348453,-2.21615718028528,-0.244285586496858,1.30763550077074,-0.145772620565708,0.0921659051417123,-0.277820830030237,-0.037195462582531,0.884961527698295,0.739309827538875
2009-12-04,1.58,2.47,0.87,0.001,0.00052,268.307421503203,337.24549127965,343.334183498872,333.825758188828,310.099278421148,348.277736865458,329.768700529249,342.230634487239,402.356438016105,2.42142581205951,1.83491386681965,0.615187305231359,2.6984907754113,2.32198003212835,0.616334770766855,0.630448963754247,3.75771559175422,-1.98377033234732
2009-12-11,0.12,-0.53,0.53,0.001,0.00052,266.653352089928,339.316520996489,344.297891567711,333.825758188828,310.189246938238,347.939222924721,329.583686600433,346.009502290964,401.692341525352,-1.65406941327569,2.07102971683895,0.963708068838741,0,0.089968517089801,-0.338513940736618,-0.185013928816204,3.77886780372501,-0.66409649075365
2009-12-18,-0.01,1.79,0.38,0.001,0.00052,265.464942437509,338.81121421135,343.817198445352,332.683296637329,310.593106585207,346.542335396143,326.728496407589,344.521426707893,402.802668118445,-1.18840965241816,-0.505306785139055,-0.480693122359355,-1.1424615514988,0.403859646968499,-1.39688752857853,-2.85519019284408,-1.48807558307112,1.11032659309359
2009-12-24,2.35,1.59,-0.03,0.001,0.00052,267.621547758219,340.71794533397,344.871689763013,334.109345759245,313.592890404727,350.885525636866,328.391422104742,344.93524235492,405.716177109438,2.15660532070967,1.90673112262027,1.05449131766153,1.4260491219157,2.99978381952081,4.3431902407238,1.66292569715347,0.41381564702732,2.91350899099319
2009-12-31,-1.01,-0.23,-0.37,0.001,0.00052,266.722820658195,339.350117502769,343.624272340496,332.467624375441,313.244609686981,349.620448524049,327.601201623901,343.463215774839,404.322669104349,-0.898727100023677,-1.36782783120179,-1.24741742251757,-1.64172138380377,-0.348280717746206,-1.26507711281744,-0.790220480841299,-1.47202658008098,-1.39350800508936
2010-01-08,2.89,0.44,3.27,0.001,0.00052,272.261035243354,341.41136069287,345.883716110857,337.587957367787,313.723183582769,355.30597309714,327.978275977172,342.491390827947,409.933210373314,5.53821458515847,2.06124319010166,2.25944377036137,5.12033299234531,0.478573895787747,5.68552457309107,0.377074353271212,-0.971824946892127,5.61054126896488
2010-01-15,-0.91,0.01,-1.31,0.001,0.00052,270.404217970467,340.053049267445,347.258737774883,336.970671457078,312.060125559986,352.046080248897,328.728185753226,343.107975614403,408.193454214542,-1.85681727288681,-1.35831142542503,1.37502166402584,-0.617285910708063,-1.66305802278299,-3.25989284824283,0.749909776053926,0.616584786455348,-1.73975615877208
2010-01-22,-3.57,0.59,-1.23,0.001,0.00052,265.183252110398,336.798524745604,345.505405445287,332.647383546622,307.546724157284,345.410603731756,326.918863874179,339.517930933659,403.069453514564,-5.22096586006899,-3.25452452184095,-1.75333232959622,-4.3232879104566,-4.51340140270156,-6.63547651714157,-1.8093218790471,-3.59004468074323,-5.12400069997739
2010-01-29,-1.7,-0.71,0.09,0.001,0.00052,265.183252110398,336.418755602825,344.297891567711,330.98128198603,304.261585945284,340.585319319835,326.575941076705,338.540669575583,399.82007016692,0,-0.379769142778741,-1.20751387757559,-1.66610156059158,-3.28513821200033,-4.82528441192079,-0.342922797473875,-0.977261358076134,-3.24938334764465
2010-02-05,-0.81,-0.66,-0.06,0.001,0.00052,263.476240533238,335.933317756346,342.848824189806,330.321697330195,304.78502278161,341.707073081845,325.732701124245,336.453339729056,399.341864363214,-1.70701157716036,-0.485437846479783,-1.44906737790512,-0.659584655835147,0.523436836325629,1.12175376200963,-0.843239952459783,-2.08732984652676,-0.478205803705805
2010-02-12,1.41,2.34,0.63,0.001,0.00052,263.547950826737,337.587957367787,342.978483851407,331.672822503571,306.152001409199,343.301899398511,327.487801498349,336.072254909644,401.800332896538,0.0717102934996774,1.65463961144087,0.129659661600897,1.35112517337541,1.36697862758962,1.59482631666657,1.75510037410322,-0.381084819412649,2.45846853332375
2010-02-19,3.18,-0.1,1.79,0.001,0.00052,267.138621673062,340.850395684459,345.093947355697,336.245655334572,308.282698040492,347.475758477018,330.027146307219,339.316520996489,404.934719629136,3.59067084632443,3.26243831667279,2.11546350429018,4.5728328310019,2.13069663129306,4.17385907850723,2.53934480887091,3.24426608684536,3.13438673259867
2010-02-26,-0.37,-0.18,0.18,0.001,0.00052,268.648602318637,341.838220641626,344.680789291421,336.176331241675,307.685132483878,344.998754583159,329.694736028836,337.211180076706,402.784857093374,1.50998064557507,0.98782495716631,-0.413158064276217,-0.0693240928976593,-0.597565556614143,-2.47700389385966,-0.332410278383861,-2.1053409197832,-2.14986253576279
2010-03-05,3.46,2.33,1.31,0.001,0.00052,272.261035243354,345.915177492271,346.636070756857,339.785848039664,310.503500844444,350.164585295896,331.745338822919,339.986315864902,406.302587896467,3.61243292471698,4.0769568506455,1.95528146543609,3.60951679798927,2.81836836056578,5.16583071273743,2.05060279408383,2.775135788196,3.51773080309368
2010-03-12,1.18,0.44,0.42,0.001,0.00052,274.34173449395,347.227696334311,346.072336097618,341.345527905766,312.456514539696,350.525705158693,331.345846735415,339.584977533556,406.902675423781,2.08069925059618,1.31251884203959,-0.563734659238662,1.55967986610165,1.95301369525185,0.361119862797239,-0.399492087504598,-0.401338331345869,0.600087527313747
2010-03-19,0.61,-1.1,-0.85,0.001,0.00052,275.302356674494,347.815842279828,347.351804324178,342.783931260858,312.632184325759,350.495661595301,332.395630131871,339.986315864902,404.795152265239,0.960622180543965,0.588145945517624,1.27946822655997,1.43840335509191,0.175669786063338,-0.0300435633926099,1.04978339645595,0.401338331345869,-2.10752315854205
2010-03-26,0.66,0.15,0.96,0.001,0.00052,277.258872223978,349.832409239288,346.26060097908,343.688622407066,313.549421592915,351.690418937413,332.898504754823,338.26939100976,402.677924272633,1.95651554948404,2.01656695945945,-1.09120334509828,0.90469114620862,0.917237267155713,1.19475734211181,0.502874622952277,-1.71692485514234,-2.11722799260559
2010-04-01,1.02,-0.37,0.91,0.001,0.00052,277.757626375082,349.86265269937,347.537677983641,344.808096756101,313.809951484091,354.124913710991,333.612538491844,340.352799700044,406.971028126374,0.498754151103867,0.0302434600823176,1.27707700456079,1.11947434903436,0.260529891176304,2.43449477357865,0.714033737020998,2.08340869028422,4.29310385374055
2010-04-09,1.63,1.25,2.01,0.001,0.00052,280.578168959555,352.547778217249,346.823278299831,345.883716110857,315.61489949599,355.277332111694,333.363206216639,340.916555131133,409.150720740194,2.82054258447255,2.6851255178791,-0.71439968380929,1.07561935475638,1.80494801189826,1.15241840070325,-0.24933227520512,0.563755431089476,2.17969261382001
2010-04-16,0.1,2.64,-0.6,0.001,0.00052,279.48393311746,353.718409086174,345.410603731756,346.854445512177,316.674007044767,353.60196074696,332.898504754823,339.551459852666,408.260930600368,-1.09423584209441,1.170630868925,-1.41267456807566,0.970729401319545,1.05910754877766,-1.67537136473442,-0.464701461815878,-1.36509527846755,-0.889790139826005
2010-04-23,2.19,1.52,2.21,0.001,0.00052,282.018770103906,357.43099993708,344.521426707893,350.013732951706,318.138162044062,355.563373496657,333.32753651767,342.132675295732,412.85849453768,2.5348369864459,3.71259085090577,-0.889177023862771,3.15928743952935,1.46415499929481,1.96141274969733,0.429031762846591,2.58121544306641,4.5975639373122
2010-04-30,-2.62,-0.73,-1.25,0,0,278.253905309295,355.019193434004,343.010872515658,348.339161928814,315.230858059609,352.606636370802,331.890213893533,341.575753299348,409.284343609583,-3.76486479461107,-2.4118065030757,-1.51055419223542,-1.67457102289166,-2.90730398445328,-2.95673712585494,-1.43732262413715,-0.556921996383608,-3.57415092809686
2010-05-07,-6.78,-1.96,-2.45,0,0,271.403227277976,347.134514156424,339.182021984956,340.219688199524,307.961375753469,343.817198445352,328.61605716738,337.073817417745,400.715135051972,-6.85067803131921,-7.88467927758057,-3.82885053070169,-8.11947372929035,-7.26948230613948,-8.78943792545078,-3.2741567261528,-4.5019358816038,-8.56920855761103
2010-05-14,2.8,3.46,0.34,0,0,273.111547403321,349.68105458651,340.019688132857,344.009753061971,310.950728781284,345.284061481399,330.57871968575,339.886132186461,402.962824750241,1.70832012534481,2.5465404300864,0.837666147901302,3.79006486244731,2.98935302781427,1.4668630360477,1.96266251837,2.81231476871608,2.24768969826863
2010-05-21,-4.49,-2.12,-1.33,0,0,269.124308278583,345.72626055951,336.03753871419,338.167471517329,306.665661189069,341.345527905766,328.166281296697,335.41057741283,397.16117968398,-3.9872391247377,-3.95479402699971,-3.98214941866712,-5.84228154464205,-4.28506759221455,-3.93853357563364,-2.41243838905314,-4.47555477363028,-5.80164506626056
2010-05-28,0.63,1.14,1.35,0,0,268.648602318637,347.723206793815,336.280299367484,338.777436133001,307.454345397828,342.588999425253,327.146827498737,335.898553285285,397.123486505999,-0.475705959945913,1.99694623430486,0.24276065329434,0.609964615672311,0.788684208759094,1.24347151948695,-1.01945379795944,0.487975872454115,-0.0376931779811684
2010-06-04,-2.43,-1.37,-1.96,0,0,264.971462408925,345.062226498968,334.920208654377,334.744492566291,306.43250650196,337.108175775753,326.078522794541,333.648106694246,394.255221046297,-3.67713990971225,-2.66098029484743,-1.3600907131069,-4.03294356671063,-1.0218388958678,-5.48082364949948,-1.06830470419612,-2.25044659103821,-2.86826545970234
2010-06-11,2.46,-0.51,0,0,0,267.48380668961,347.351804324178,337.279790714046,337.314078387963,307.915388169306,342.328497812616,327.601201623901,337.485340632255,399.489248325044,2.51234428068494,2.2895778252103,2.35958205966824,2.56958582167215,1.48288166734602,5.22032203686285,1.52267882935996,3.83723393800892,5.23402727874719
2010-06-18,2.41,0.26,0.49,0,0,269.665215614984,348.031658611475,338.608374385211,340.119738166216,310.593106585207,343.23729991306,328.316431475056,340.386049908164,401.836304119947,2.18140892537446,0.679854287297303,1.32858367116501,2.80565977825256,2.67771841590036,0.908802100444461,0.7152298511553,2.90070927590858,2.34705579490316
2010-06-25,-3.52,0.34,-0.88,0,0,268.375750853317,342.783931260858,336.764059813331,336.453339729056,306.712226964066,340.452517175483,325.34704696327,336.176331241675,396.062267526421,-1.28946476166755,-5.24772735061782,-1.84431457187941,-3.66639843715916,-3.88087962114025,-2.78478273757753,-2.9693845117863,-4.2097186664891,-5.77403659352638
2010-07-02,-5.26,-1.62,-1.89,0,0,260.417007061482,336.86741899566,333.32753651767,329.620716780452,301.012815383772,333.398863196871,323.671574299653,333.790253128984,389.954548391703,-7.95874379183476,-5.91651226519809,-3.43652329566163,-6.83262294860396,-5.69941158029405,-7.05365397861243,-1.6754726636168,-2.38607811269065,-6.10771913471751
2010-07-09,5.39,-0.77,1.23,0,0,267.48380668961,341.477150168927,336.832977803654,335.480434209244,306.292352309431,341.41136069287,327.638973106881,339.450839351136,396.309627561215,7.06679962812785,4.60973117326779,3.50544128598415,5.85971742879207,5.27953692565904,8.01249749599964,3.96739880722754,5.66058622215172,6.35507916951133
2010-07-16,-1.36,-1.13,-1.23,0,0,264.830019669644,340.186382620532,335.620001573142,333.470139037379,306.198806933106,339.551459852666,327.789916531766,339.081028877567,394.603788401542,-2.65378701996599,-1.29076754839576,-1.21297623051186,-2.01029517186538,-0.0935453763257783,-1.85990084020449,0.150943424885497,-0.369810473569032,-1.70583915967228
2010-07-23,3.91,2.83,-0.06,0,0,267.827804276854,345.157358898722,334.744492566291,340.352799700044,309.96417369445,346.604835398177,330.137704637994,341.707073081845,398.490165084072,2.99778460721035,4.97097627819068,-0.875509006851132,6.88266066266465,3.76536676134464,7.05337554551147,2.34778810622822,2.62604420427772,3.88637668252949
2010-07-30,-0.13,-0.07,1.14,0,0,268.852753461335,344.808096756101,335.235721624268,341.081762503915,308.739946207981,346.604835398177,329.509585077961,341.345527905766,398.601668533647,1.02494918448059,-0.349262142621626,0.491229057977307,0.728962803870843,-1.22422748646881,0,-0.62811956003344,-0.361545176078835,0.111503449575366
2010-08-06,1.68,-1.64,-0.34,0,0,269.327491552006,346.667296362107,339.148368947452,342.91367503514,310.368941505908,348.093234968101,329.9164656097,343.366457179966,401.890236705524,0.47473809067094,1.85919960600609,3.91264732318348,1.8319125312251,1.62899529792685,1.48839956992379,0.406880531739375,2.02092927419994,3.28856817187699
2010-08-13,-4.01,-2.45,-0.25,0,0,264.40448711263,342.588999425253,337.073817417745,338.099467434464,305.729762921215,344.361809754611,328.840188751681,342.426265459315,397.687397774776,-4.92300443937575,-4.07829693685403,-2.07455152970692,-4.81420760067613,-4.63917858469375,-3.73142521349018,-1.07627685801924,-0.940191720650546,-4.20283893074799
2010-08-20,-0.42,1.06,-1.11,0,0,262.684014567667,343.07561839037,335.585127989528,337.314078387963,306.105173967463,344.967003511293,328.578653015083,341.674259299762,395.489090565532,-1.72047254496312,0.486618965117259,-1.48868942821684,-0.785389046500597,0.375411046248814,0.605193756682581,-0.261535736598375,-0.752006159553332,-2.19830720924409
2010-08-27,-0.51,1.08,-0.18,0,0,261.958321977988,342.393686863164,335.235721624268,335.828988065088,304.642538786951,344.617074730489,328.428896341643,343.849316640585,395.316494875932,-0.725692589678715,-0.68193152720545,-0.349406365259711,-1.48509032287507,-1.46263518051245,-0.349928780804703,-0.14975667343947,2.17505734082346,-0.172595689599973
2010-09-03,3.85,0.08,0.76,0,0,267.552700939665,347.444784340175,337.314078387963,340.552135314221,307.869379426834,348.829208851309,330.652033472025,345.378983178133,399.26809084456,5.59437896167702,5.05109747701033,2.07835676369484,4.72314724913309,3.22684063988288,4.21213412082028,2.22313713038142,1.52966653754737,3.95159596862788
2010-09-10,0.31,-1.28,-0.18,0,0,267.621547758219,347.475758477018,339.350117502769,341.444260841218,307.915388169306,349.103808566194,331.491301306514,344.808096756101,399.856760682833,0.0688468185541637,0.0309741368435539,2.03603911480553,0.892125526996608,0.0460087424725089,0.274599714885539,0.83926783448959,-0.570886422032004,0.588669838273177
2010-09-17,1.69,1.03,-1.85,0,0,268.170622576261,348.890296208126,339.919537899148,342.426265459315,311.484775444415,348.829208851309,331.600253559892,342.91367503514,398.694493194541,0.549074818041618,1.41453773110771,0.569420396379712,0.982004618097505,3.56938727510902,-0.274599714885539,0.10895225337805,-1.89442172096091,-1.16226748829268
2010-09-24,2.16,1.06,-0.79,0,0,268.102152871429,351.749783735832,342.295887344367,344.808096756101,314.069804380418,350.735757749055,333.363206216639,344.871689763013,401.223026584517,-0.0684697048316707,2.85948752770554,2.37634944521858,2.38183129678549,2.58502893600235,1.90654889774567,1.76295265674662,1.95801472787349,2.52853338997659
2010-10-01,0.11,1.31,0.11,0.001,0.00052,267.414864942653,351.005178657424,341.739876100016,344.393753533831,313.679771383259,350.285103538866,332.970137995709,345.157358898722,403.971236656904,-0.687287928776243,-0.744605078407858,-0.556011244350486,-0.414343222269224,-0.390032997158301,-0.450654210189043,-0.393068220930445,0.285669135709043,2.74821007238643
2010-10-08,1.69,0.55,0.23,0.001,0.00052,268.784749378469,353.689309711605,342.654018933395,347.196645255036,314.888245304767,353.339455127354,333.896730512602,346.103738201817,406.663072365459,1.36988443581618,2.68413105418171,0.914142833378719,2.8028917212049,1.20847392150716,3.0543515884886,0.926592516893606,0.946379303095,2.69183570855495
2010-10-15,1.01,1.11,-1.67,0.001,0.00052,266.305283517147,354.70278298737,343.881424523346,347.289769582735,318.179681662678,354.356462294908,335.375630706202,346.26060097908,408.109044654368,-2.47946586132161,1.01347327576406,1.22740558995116,0.0931243276983764,3.29143635791144,1.01700716755363,1.47890019359977,0.156862777262631,1.44597228890996
2010-10-22,0.46,-0.63,0.3,0.001,0.00052,268.102152871429,355.420455078733,344.137917129499,348.062451529348,318.262669219308,353.485376647483,336.072254909644,346.166512842924,408.260930600368,1.79686935428168,0.717672091363966,0.256492606152506,0.772681946613034,0.0829875566299734,-0.871085647424877,0.696624203441843,-0.094088136155392,0.151885945999538
2010-10-29,0.24,-0.05,-1.03,0.001,0.00052,267.827804276854,356.274917696972,343.945609377925,347.134514156424,319.25318495286,354.961738678043,335.933317756346,345.694739676665,408.15969893996,-0.274348594575088,0.854462618238927,-0.192307751574162,-0.927937372923964,0.990515733551945,1.47636203055998,-0.138937153298059,-0.471773166259766,-0.101231660408189
2010-11-05,3.65,0.96,1.34,0.001,0.00052,274.59880404426,359.758619566755,344.839898314645,350.945370043201,322.286784613774,359.236855373309,337.108175775753,346.729718336668,413.212192655613,6.77099976740624,3.48370186978212,0.894288936720443,3.81085588677701,3.03359966091398,4.27511669526638,1.17485801940751,1.03497866000322,5.05249371565327
2010-11-12,-2.01,0.06,-0.53,0.001,0.00052,270.404217970467,358.379667766078,343.172658669698,347.846701715346,319.212108755938,356.9814346955,335.724549413297,344.489523692787,414.218189163626,-4.19458607379312,-1.37895180067613,-1.66723964494713,-3.09866832785514,-3.07467585783576,-2.25542067780964,-1.38362636245591,-2.24019464388044,1.00599650801297
2010-11-19,0.26,0.75,-0.38,0.001,0.00052,269.799986524871,359.016348117478,343.398720448515,348.920825898487,319.088778832803,356.642929435737,336.072254909644,343.817198445352,415.245622527932,-0.60423144559627,0.636680351399491,0.226061778816756,1.07412418314129,-0.123329923134918,-0.338505259762428,0.347705496346464,-0.672325247435822,1.02743336430564
2010-11-26,-0.5,1.9,-1.36,0.001,0.00052,266.86161318568,359.209318542624,342.034620050092,348.737507790321,318.841661738349,355.162686068756,334.99040872746,342.946084693501,413.532654394372,-2.93837333919055,0.192970425146541,-1.36410039842298,-0.183318108166077,-0.247117094453984,-1.4802433669812,-1.08184618218326,-0.871113751850203,-1.71296813355957
2010-12-03,3,-0.32,1.1,0.001,0.00052,271.997877196748,362.220532084594,343.688622407066,352.753630370517,321.084365317094,361.118814639806,336.072254909644,344.297891567711,418.692374351519,5.13626401106808,3.01121354196994,1.65400235697462,4.01612258019651,2.24270357874445,5.9561285710505,1.08184618218326,1.35180687420956,5.15971995714722
2010-12-10,1.48,1.04,1.21,0.001,0.00052,275.684036527164,362.593965434006,344.329855768079,353.805656437935,322.60500286162,361.765194482557,337.211180076706,343.785069931019,418.813844150846,3.68615933041582,0.373433349411869,0.641233361012837,1.05202606741796,1.52063754452644,0.646379842750378,1.13892516706215,-0.512821636691967,0.121469799326803
2010-12-17,0.37,0.03,-0.8,0.001,0.00052,274.27736371606,362.060061336064,345.536986055055,354.211807271853,322.207071576472,362.593965434006,337.963320374631,343.881424523346,418.798668492573,-1.40667281110467,-0.53390409794207,1.20713028697577,0.406150833917934,-0.397931285148104,0.828770951449371,0.752140297925564,0.0963545923271454,-0.0151756582733356
2010-12-23,1.04,0.15,1.38,0.001,0.00052,276.443053453832,362.780160460535,345.473814859019,355.019193434004,322.724074119983,364.126360017227,338.099467434464,344.553319548221,421.079337486535,2.1656897377722,0.720099124470437,-0.0631711960363077,0.80738616215109,0.517002543510841,1.53239458322105,0.136147059832126,0.671895024874516,2.28066899396197
2010-12-31,0.04,-0.59,0.72,0,0,276.945882923085,362.193804836005,344.998754583159,355.162686068756,322.644709036452,364.831784235781,337.79287547228,344.489523692787,422.317743406507,0.502829469253641,-0.586355624529119,-0.475060275859846,0.143492634751681,-0.079365083530945,0.705424218554072,-0.306591962183461,-0.0637958554332272,1.23840591997214
2011-01-07,1.16,-0.58,0.29,0,0,278.624504868727,362.966009445396,346.792101370506,356.274917696972,324.843462710975,364.597195310266,336.832977803654,345.25240088275,422.361689792624,1.67862194564128,0.772204609390997,1.79334678734762,1.11223162821642,2.19875367452261,-0.234588925515368,-0.959897668626297,0.762877189962126,0.0439463861170566
2011-01-14,1.75,0.72,0.41,0,0,281.660560765656,363.547867738682,347.134514156424,358.101580823799,326.461371654205,365.842024662923,337.861088298936,345.757771509826,425.773810913054,3.03605589692887,0.581858293285677,0.342412785917418,1.82666312682676,1.61790894323093,1.24482935265678,1.02811049528214,0.505370627076672,3.41212112042967
2011-01-21,-1.25,-2.93,0.09,0,0,280.093319524892,363.283806323031,347.165584531072,358.073729549423,324.726889936942,362.380745737022,338.405122282718,346.417218082354,424.992279404054,-1.56724124076317,-0.264061415650986,0.0310703746479248,-0.0278512743758483,-1.73448171726358,-3.46127892590061,0.544033983782526,0.659446572528111,-0.781531508999194
2011-01-28,-0.37,0.69,-0.09,0.003,0.00156,278.809290877575,361.361696961339,345.347352622753,357.878553131686,325.153660710775,363.257361790284,336.660593689254,345.473814859019,426.422797389543,-1.28402864731771,-1.92210936169221,-1.81823190831904,-0.195176417737059,0.426770773833084,0.876616053262012,-1.74452859346485,-0.943403223335849,1.43051798548822
2011-02-04,2.77,0.32,-0.4,0.003,0.00156,280.94026953625,364.283551561253,347.630485414896,360.495421917618,328.428896341643,367.731281774247,337.826987701845,345.946628978613,430.689891198204,2.13097865867513,2.92185459991396,2.28313279214348,2.61686878593127,3.27523563086834,4.4739199839629,1.16639401259147,0.472814119594545,4.26709380866157
2011-02-11,1.67,1.02,0.53,0.003,0.00156,283.790818836042,367.832394017442,347.784973318324,363.363097988346,329.212628660779,368.587494509364,338.709845728265,346.573590279973,430.555047596327,2.85054929979259,3.54884245618905,0.154487903427707,2.86767607072824,0.78373231913605,0.856212735116685,0.882858026420251,0.626961301359586,-0.134843601877492
2011-02-18,1.08,0.36,0.85,0.003,0.00156,284.490938381941,368.937932915559,349.103808566194,363.837532194017,329.620716780452,369.46129859617,339.450839351136,346.291944029015,434.458433919801,0.70011954589836,1.10553889811678,1.31883524787065,0.474434205671059,0.408088119673096,0.873804086805933,0.740993622870519,-0.281646250957465,3.90338632347436
2011-02-25,-1.73,0.05,0.11,0.002,0.00104,281.959157583512,366.612246699132,347.537677983641,360.685561863535,327.525615830431,366.458676154489,338.608374385211,345.820763637893,435.593929991056,-2.531780798429,-2.32568621642673,-1.5661305825538,-3.1519703304823,-2.09510095002156,-3.0026224416805,-0.84246496592516,-0.47118039112172,1.1354960712552
2011-03-04,0.19,0.31,-0.32,0.002,0.00104,280.517691183293,366.893181630424,350.013732951706,360.631273045697,327.336401015227,366.509892544853,338.709845728265,346.636070756857,436.105832823768,-1.44146640021842,0.280934931291995,2.47605496806523,-0.0542888178371186,-0.189214815203798,0.0512163903641181,0.101471343054641,0.815307118963347,0.511902832712167
2011-03-11,-1.43,-1.44,0.97,0.002,0.00104,280.578168959555,366.381802351856,348.737507790321,360.195898208323,325.11493854185,363.521492952824,339.215663701001,348.185528467961,431.895370569792,0.060477776261223,-0.511379278567517,-1.27622516138507,-0.435374837373956,-2.22146247337741,-2.988399592029,0.505817972735315,1.54945771110414,-4.21046225397646
2011-03-18,-1.81,0.82,0,0.002,0.00104,278.993736057439,362.806731471718,346.760914718141,358.462943274014,321.687382219753,363.045553397622,336.901848329792,343.043250693049,432.386772050035,-1.58443290211511,-3.57507088013864,-1.97659307218009,-1.73295493430976,-3.4275563220969,-0.475939555202388,-2.31381537120865,-5.14227777491197,0.491401480242985
2011-03-25,2.95,1.21,-0.8,0.002,0.00104,279.361608943186,365.867794538082,348.645722561298,361.361696961339,325.34704696327,366.944176022146,339.081028877567,344.648937085386,436.551608254689,0.367872885746237,3.06106306636366,1.88480784315715,2.89875368732527,3.65966474351723,3.89862262452419,2.17918054777482,1.60568639233725,4.16483620465425
2011-04-01,1.6,1.13,-0.36,0.002,0.00104,280.517691183293,367.122451887522,350.495661595301,363.705970538414,325.848107946056,369.312044837119,340.352799700044,346.947888907856,438.190162686073,1.15608224010765,1.25465734944004,1.84993903400289,2.344273577075,0.501060982786043,2.36786881497295,1.27177082247692,2.29895182246986,1.6385544313838
2011-04-08,-0.3,-0.18,-0.3,0.002,0.00104,280.093319524892,366.535490906698,350.645789231965,362.193804836005,325.540059955057,369.436438434451,340.949618447685,346.479796307175,437.852049534459,-0.424371658400958,-0.586960980823619,0.150127636664024,-1.51216570240848,-0.308047990998716,0.124393597331505,0.596818747641294,-0.468092600681075,-0.338113151613697
2011-04-15,-0.69,-0.1,-1.01,0.002,0.00104,278.068089213712,366.995144422842,352.252966682968,361.361696961339,324.804620216798,367.198758644372,342.881254869513,346.885603013597,434.626991496176,-2.02523031118062,0.459653516143817,1.60717745100328,-0.832107874666519,-0.735439738259231,-2.23767979007874,1.93163642182782,0.40580670642197,-3.22505803828307
2011-04-21,1.35,0.07,-0.93,0.002,0.00104,277.944019718888,368.662691906064,353.368656470823,362.806731471718,327.146827498737,369.981939415227,343.07561839037,347.320791763843,436.91946558585,-0.124069494823459,1.66754748322245,1.11568978785539,1.44503451037889,2.34220728193907,2.78318077085521,0.194363520857053,0.435188750245743,2.2924740896741
2011-04-29,2.01,0,-0.24,0.002,0.00104,279.545039138304,370.327533439767,356.303274424796,365.583960003574,328.653447334202,371.039629757619,345.062226498968,350.134433026709,438.751156490445,1.60101941941605,1.66484153370266,2.93461795397263,2.77722853185577,1.50661983546439,1.05769034239154,1.98660810859792,2.81364126286667,1.83169090459472
2011-05-06,-1.88,-1.67,-0.7,0.002,0.00104,277.944019718888,369.610329920326,356.953269648137,363.942657039441,327.638973106881,367.249597486341,344.808096756101,350.525705158693,431.481788498043,-1.60101941941605,-0.717203519441284,0.649995223340909,-1.64130296413299,-1.01447422732082,-3.79003227127737,-0.254129742867235,0.391272131983953,-7.26936799240195
2011-05-13,-0.06,0.55,-1.35,0.002,0.00104,275.747508442973,370.278235928293,358.573869519442,362.912944970816,327.563415868681,365.454677503343,346.916750810142,352.370995613755,430.122322107028,-2.19651127591499,0.667906007967247,1.62059987130533,-1.02971206862441,-0.0755572381997354,-1.79491998299812,2.10865405404161,1.84529045506133,-1.35946639101564
2011-05-20,-0.37,-0.63,0.06,0.002,0.00104,275.493378700106,369.46129859617,358.324112209094,361.979729292649,326.231838271104,364.98787167642,347.444784340175,353.017676291862,431.361395198771,-0.254129742867235,-0.816937332123132,-0.2497573103484,-0.93321567816696,-1.33157759757722,-0.466805826922723,0.528033530032587,0.646680678106861,1.23907309174348
2011-05-27,0.03,0.99,-0.1,0.001,0.00052,275.238601492226,369.287147538347,357.487053750207,361.872519419073,326.193531432865,367.249597486341,346.698512220016,351.512112798047,433.519704731708,-0.254777207879897,-0.174151057822314,-0.837058458887043,-0.107209873576323,-0.0383068382389524,2.26172580992085,-0.746272120158949,-1.50556349381463,2.15830953293738
2011-06-03,-2.49,-0.78,0.02,0.001,0.00052,272.19531062712,366.047997959224,356.076195133349,358.60158186547,324.024585060439,363.890108430769,344.393753533831,350.224862573188,432.081590362899,-3.04329086510597,-3.23914957912353,-1.41085861685752,-3.27093755360323,-2.16894637242547,-3.35948905557171,-2.30475868618447,-1.28725022485861,-1.43811436880981
2011-06-10,-2.38,-0.74,-0.12,0.001,0.00052,269.665215614984,363.389514578118,354.961738678043,356.133013316696,320.92294478164,362.620585958588,343.07561839037,349.559805708364,429.496980210571,-2.53009501213609,-2.65848338110618,-1.11445645530648,-2.46856854877359,-3.10164027879978,-1.26952247218173,-1.31813514346146,-0.665056864824351,-2.58461015232774
2011-06-17,0,0.01,0.81,0.001,0.00052,270.33726115511,363.679637424371,354.904250892614,356.868726878553,319.826487096408,360.168624241156,343.849316640585,349.68105458651,427.304847210414,0.672045540125794,0.290122846253439,-0.0574877854292026,0.735713561856926,-1.09645768523194,-2.45196171743186,0.773698250215318,0.121248878146162,-2.19213300015718
2011-06-24,0.22,2.11,-0.97,0.001,0.00052,269.259809654329,365.013862579751,354.616315191234,357.318797961774,320.071185424053,362.407423074782,342.132675295732,349.073334697301,426.253902205129,-1.07745150078108,1.33422515537944,-0.287935701379581,0.450071083221417,0.244698327645324,2.23879883362616,-1.71664134485314,-0.607719889209079,-1.05094500528418
2011-07-01,5.58,-0.41,-0.35,0.001,0.00052,274.855214441154,371.332813451625,358.212908416706,363.495111208838,326.231838271104,368.286138178837,344.93524235492,352.34150143864,433.178541823713,5.59540478682516,6.31895087187411,3.59659322547145,6.1763132470636,6.16065284705081,5.87871510405529,2.80256705918816,3.26816674133937,6.92463961858402
2011-07-08,0.53,1.01,-1.58,0.001,0.00052,273.760900334375,372.255598047332,357.738907808057,363.283806323031,327.601201623901,369.411572090918,345.757771509826,351.927666972776,434.237582904409,-1.09431410677854,0.922784595707355,-0.474000608648225,-0.211304885806896,1.36936335279722,1.12543391208089,0.822529154906022,-0.413834465864795,1.05904108069541
2011-07-15,-2.14,-0.4,0.07,0.001,0.00052,269.799986524871,369.610329920326,356.076195133349,359.840755094986,325.501487148407,367.807125539733,344.553319548221,350.735757749055,434.19855851367,-3.96091380950458,-2.64526812700643,-1.66271267470796,-3.44305122804508,-2.09971447549361,-1.60444655118494,-1.20445196160557,-1.19190922372104,-0.0390243907391437
2011-07-22,2.06,-0.69,-0.45,0.001,0.00052,273.046379593911,371.576478289532,357.234563785799,360.631273045697,328.541234866844,368.737832798767,345.72626055951,352.164353473802,437.939818332019,3.24639306904015,1.96614836920628,1.15836865244916,0.790517950711319,3.03974771843713,0.930707259033625,1.17294101128971,1.42859572474771,3.74125981834919
2011-07-29,-4.11,-1.22,0.67,0.001,0.00052,269.462718077007,367.93340412704,353.07625860168,354.500908369423,325.076201373052,363.732296719953,342.751468997953,350.134433026709,433.755214457205,-3.5836615169041,-3.64307416249136,-4.1583051841186,-6.13036467627398,-3.46503349379225,-5.00553607881346,-2.97479156155754,-2.02992044709288,-4.18460387481377
2011-08-05,-7.77,-2.34,0.33,0.001,0.00052,259.897910604785,359.291906296802,345.978070576105,345.631668088323,319.212108755938,353.660201866836,339.819287264186,346.197885392201,422.024272909747,-9.56480747222207,-8.641497830238,-7.09818802557464,-8.86924028109996,-5.86409261711412,-10.0720948531176,-2.93218173376721,-3.93654763450797,-11.7309415474577
2011-08-12,-1.58,-1.27,-2.84,0.001,0.00052,254.709867004445,358.60158186547,345.347352622753,344.680789291421,318.304137185898,353.921867955953,338.574527710323,345.72626055951,420.394607213718,-5.18804360034005,-0.690324431332783,-0.630717953352644,-0.950878796902714,-0.907971570039649,0.26166608911717,-1.24475955386231,-0.47162483269102,-1.62966569602929
2011-08-19,-5.05,-1.58,2.2,0.001,0.00052,249.732916978656,352.871070196111,343.463215774839,337.24549127965,311.440380327149,346.760914718141,338.608374385211,347.784973318324,414.693701234127,-4.97695002578905,-5.73051166935824,-1.88413684791334,-7.43529801177061,-6.86375685874953,-7.16095323781229,0.0338466748873429,2.05871275881339,-5.70090597959103
2011-08-26,5.01,1.12,-1.56,0.001,0.00052,254.709867004445,358.629286533883,347.382807269706,343.172658669698,316.968558067743,352.459425980608,340.684805317097,349.771894865278,418.677180246803,4.97695002578905,5.75821633777201,3.91959149486701,5.92716739004771,5.52817774059395,5.69851126246732,2.07643093188631,1.98692154695391,3.98347901267556
2011-09-02,-0.21,-0.94,-0.76,0.002,0.00104,252.972066557779,358.462943274014,348.000856208645,342.91367503514,316.209381076922,352.577211624379,341.147769106971,350.465609003039,419.3284510077,-1.73780044666549,-0.166343259869791,0.618048938938216,-0.258983634558149,-0.759176990821288,0.11778564377056,0.462963789874152,0.693714137760821,0.65127076089766
2011-09-09,-1.57,0.37,-0.19,0.002,0.00104,250.389194969908,356.642929435737,346.417218082354,340.684805317097,315.61489949599,350.134433026709,340.053049267445,348.951346271072,417.284762371004,-2.58287158787121,-1.82001383827651,-1.58363812629011,-2.22886971804269,-0.59448158093204,-2.44277859766919,-1.09471983952602,-1.5142627319662,-2.04368863669595
2011-09-16,5.47,0.22,-0.58,0.002,0.00104,255.800220485855,363.045553397622,349.711343849198,346.385914278687,321.807550469743,354.211807271853,342.91367503514,352.577211624379,420.60350015748,5.41102551594702,6.40262396188473,3.29412576684382,5.70110896158963,6.19265097375359,4.0773742451438,2.86062576769456,3.62586535330627,3.31873778647531
2011-09-23,-6.77,-1.57,-1.26,0.002,0.00104,245.787797740008,357.655026914002,344.967003511293,337.826987701845,317.847041023316,340.949618447685,338.439026334577,350.675787732265,407.243972683405,-10.012422745847,-5.39052648362025,-4.74434033790487,-8.55892657684154,-3.96050944642695,-13.2621888241682,-4.47464870056228,-1.90142389211377,-13.3595274740746
2011-09-30,-0.62,-0.85,2.01,0.001,0.00052,247.06386779903,355.30597309714,345.694739676665,337.451111639965,315.997471694804,337.826987701845,339.114704580865,351.571583510475,407.05640335567,1.27607005902144,-2.34905381686156,0.727736165371368,-0.375876061880149,-1.84956932851225,-3.12263074583996,0.675678246287987,0.895795778209902,-0.187569327735389
2011-10-07,2.27,0.14,-1.77,0.001,0.00052,247.148362945586,359.37442589989,346.26060097908,341.147769106971,318.96529661913,343.913522100255,340.352799700044,350.645789231965,410.726078748865,0.0844951465563781,4.06845280274962,0.565861302415158,3.69665746700622,2.96782492432578,6.08653439840964,1.23809511917835,-0.925794278509954,3.66967539319495
2011-10-14,6.27,2.14,-0.5,0.001,0.00052,253.369681395743,365.506410561921,349.286457018798,347.289769582735,325.963381734037,351.094824562127,342.978483851407,352.577211624379,419.900483276553,6.22131845015727,6.13198466203085,3.02585603971801,6.1420004757635,6.9980851149071,7.18130246187269,2.62568415136303,1.93142239241382,9.17440452768869
2011-10-21,0.95,-1.69,2.22,0.001,0.00052,257.48996883147,366.91868207682,350.074101199842,348.645722561298,323.907053215372,350.765729276328,344.903471107632,355.248682920838,422.741751644646,4.12028743572728,1.41227151489949,0.787644181043845,1.35595297856321,-2.05632851866483,-0.329095285799156,1.92498725622471,2.67147129645957,2.84126836809287
2011-10-28,4.09,2.54,0.03,0.001,0.00052,264.262239577975,367.832394017442,353.368656470823,353.456209372958,327.752202030093,358.324112209094,345.030495576918,355.563373496657,429.100723628671,6.772270746505,0.913711940621909,3.29455527098173,4.81048681166004,3.84514881472143,7.55838293276565,0.127024469286823,0.314690575819213,6.35897198402512
2011-11-04,-2.27,0.72,-1.31,0.001,0.00052,258.701187272515,366.202199994405,350.254987592244,351.452606696916,326.078522794541,355.477646959046,343.366457179966,355.391846867982,426.633516017769,-5.56105230546012,-1.63019402303661,-3.11366887857912,-2.00360267604202,-1.67367923555241,-2.84646525004837,-1.66403839695266,-0.171526628675451,-2.46720761090228
2011-11-11,0.61,-0.99,0.48,0.001,0.00052,258.173083442354,367.427330172457,352.841723167288,352.429957879614,326.4231526589,356.019344648589,344.93524235492,356.501546689155,427.971701584931,-0.528103830161342,1.22513017805204,2.58673557504318,0.977351182697987,0.344629864358751,0.541697689543582,1.5687851749546,1.10969982117314,1.3381855671621
2011-11-18,-3.68,0.43,0.09,0.001,0.00052,252.572864430826,363.442326831788,349.195174493062,349.468772474949,322.763733053677,350.375396998725,343.592081772054,354.500908369423,422.185788252106,-5.60021901152845,-3.98500334066966,-3.64654867422553,-2.96118540466449,-3.65941960522241,-5.6439476498644,-1.34316058286618,-2.00063831973165,-5.78591333282509
2011-11-25,-4.85,-2.29,-0.19,0.001,0.00052,246.640317822344,359.264384623311,345.663208855026,343.913522100255,317.847041023316,344.712631355056,341.345527905766,350.945370043201,415.622329926797,-5.93254660848152,-4.17794220847668,-3.53196563803641,-5.55525037469465,-4.91669203036116,-5.66276564366922,-2.24655386628837,-3.55553832622269,-6.56345832530951
2011-12-02,7.69,2.04,0.2,0.001,0.00052,255.877649835446,366.612246699132,351.064951522323,351.838764907356,324.804620216798,352.636052461616,345.757771509826,354.789176081296,425.390913189344,9.23733201310154,7.34786207582096,5.40174266729792,7.92524280710114,6.95757919348188,7.92342110656062,4.41224360406056,3.84380603809512,9.76858326254739
2011-12-09,0.86,0.47,-0.22,0.001,0.00052,257.261223020711,367.122451887522,352.105234347043,352.547778217249,325.963381734037,352.929738428947,346.604835398177,355.534806148941,425.049324471203,1.38357318526499,0.510205188389534,1.04028282471995,0.709013309893351,1.15876151723876,0.29368596733093,0.847063888350874,0.745630067645493,-0.341588718140713
2011-12-16,-2.88,-0.32,0.69,0.001,0.00052,253.051716104005,363.495111208838,350.915452316725,348.492559719287,321.687382219753,348.216274048526,344.967003511293,354.211807271853,419.162250168657,-4.20950691670532,-3.62734067868348,-1.18978203031867,-4.05521849796247,-4.27599951428408,-4.7134643804211,-1.63783188688382,-1.32299887708814,-5.88707430254613
2011-12-23,3.66,-0.48,1.27,0.001,0.00052,257.642175862377,366.816641251639,354.961738678043,352.900408614981,323.985423125339,352.370995613755,348.339161928814,357.794789340665,424.276456734037,4.59045975837211,3.32153004280138,4.0462863613181,4.40784889569443,2.2980409055865,4.15472156522873,3.37215841752089,3.58298206881221,5.1142065653803
2011-12-30,-0.62,-0.23,-0.27,0,0,256.494935746154,366.407433519497,354.645146098166,351.898041731854,323.671574299653,351.154543883102,348.093234968101,358.296322852239,423.598878995717,-1.14724011622371,-0.409207732142931,-0.31659257987701,-1.00236688312731,-0.31384882568608,-1.21645173065264,-0.245926960713291,0.501533511573257,-0.67757773832011
2012-01-06,1.7,-0.43,0.28,0,0,259.600069729359,368.937932915559,355.820113047182,354.356462294908,325.694202567466,354.875494601977,347.072344431077,355.591932685771,425.476128362801,3.10513398320506,2.53049939606223,1.17496694901615,2.45842056305389,2.02262826781254,3.72095071887497,-1.0208905370244,-2.7043901664681,1.87724936708327
2012-01-13,1.18,0.96,-0.22,0,0,262.684014567667,369.659957712907,356.727663235469,357.037741003294,326.078522794541,358.712354515955,347.010136030937,355.134004009187,424.075104731593,3.08394483830796,0.722024797348695,0.907550188286734,2.68127870838578,0.384320227075307,3.83685991397789,-0.062208400139923,-0.457928676583094,-1.40102363120781
2012-01-20,2.13,0.62,-0.45,0,0,264.900766046843,371.746691096585,357.934356704563,358.795353552398,328.690823526003,359.950164296272,347.815842279828,354.414265764725,426.801771806201,2.21675147917597,2.08673338367743,1.20669346909415,1.75761254910401,2.61230073146174,1.23780978031704,0.805706248891738,-0.719738244462178,2.7266670746086
2012-01-27,0.33,1.74,-1.52,0,0,264.900766046843,372.472910700763,357.850639663257,359.731226058845,329.286950477653,361.57709822933,347.258737774883,354.760386675598,426.941769029123,0,0.726219604178482,-0.0837170413063291,0.935872506447026,0.596126951649978,1.62693393305778,-0.557104504945528,0.346120910872969,0.139997222921352
2012-02-03,2.5,1.61,0.01,0,0,268.988623047454,374.313086894585,358.961145245527,361.738345240887,332.251485962769,363.468722503051,348.216274048526,355.047908437791,428.70289060516,4.08785700061128,1.84017619382183,1.11050558227015,2.007119182042,2.96453548511596,1.89162427372116,0.957536273643143,0.287521762192682,1.76112157603745
2012-02-10,-0.24,-1.57,-0.1,0,0,267.827804276854,374.502346473198,357.822718401034,361.010677294854,333.291854090886,361.361696961339,348.461898980123,354.961738678043,428.991134576608,-1.16081877059992,0.18925957861245,-1.13842684449259,-0.727667946032568,1.04036812811739,-2.10702554171195,0.245624931596808,-0.0861697597480884,0.288243971447457
2012-02-17,1.59,0.27,0.25,0,0,269.395127672271,376.073489121436,359.016348117478,361.952937597914,335.095616522541,362.086824349739,349.832409239288,355.67756134806,431.561970247628,1.56732339541685,1.57114264823878,1.19362971644375,0.942260303060266,1.80376243165477,0.725127388400324,1.37051025916503,0.715822670017019,2.57083567102069
2012-02-24,0.27,-0.6,-0.7,0,0,268.580459215489,375.793899004543,358.850647996715,362.380745737022,336.03753871419,362.567337821014,349.832409239288,355.763116750398,433.454186810214,-0.814668456781817,-0.27959011689336,-0.165700120763006,0.427808139107867,0.941922191649155,0.48051347127506,0,0.0855554023383434,1.89221656258553
2012-03-02,0.06,-3.13,0.31,0,0,269.934576047206,377.322060254769,359.264384623311,361.442526818899,337.039447250711,361.899332664977,350.285103538866,355.420455078733,431.334621436898,1.35411683171731,1.52816125022565,0.413736626596176,-0.938218918123312,1.001908536521,-0.668005156037395,0.452694299577729,-0.342661671664757,-2.11956537331633
2012-03-09,0.32,1.61,0.06,0,0,270.068984669592,378.373498512662,359.649000482059,361.145830714535,337.348354309464,360.114053980593,351.064951522323,356.019344648589,430.662937020143,0.134408622385422,1.05143825789281,0.38461585874785,-0.296696104363662,0.308907058752936,-1.78527868438397,0.779847983457955,0.598889569855658,-0.671684416754033
2012-03-16,2.28,-0.59,0.95,0,0,275.493378700106,379.211270875559,360.604117580493,363.600596450687,339.718936026462,361.361696961339,351.42284036242,354.904250892614,431.38816179422,5.42439403051429,0.83777236289734,0.955117098434243,2.45476573615161,2.37058171699766,1.24764298074598,0.357888840096621,-1.11509375597547,0.725224774076423
2012-03-23,-0.44,0.61,-0.43,0,0,275.493378700106,379.930213536403,360.168624241156,361.57709822933,340.086399276092,360.848251704191,351.927666972776,354.414265764725,427.985547206276,0,0.718942660843879,-0.435493339337256,-2.02349822135704,0.367463249630134,-0.513445257148248,0.504826610355508,-0.48998512788836,-3.40261458794436
2012-03-30,0.74,-0.58,-0.64,0,0,275.874331541773,380.888224650863,362.673805757609,362.220532084594,340.618492317319,361.010677294854,352.871070196111,355.67756134806,427.290907013834,0.380952841666783,0.958011114460533,2.50518151645275,0.643433855264618,0.532093041227711,0.162425590663304,0.943403223335849,1.26329558333458,-0.694640192441227
2012-04-05,-0.71,-0.65,-0.45,0,0,274.27736371606,380.644024285308,362.487412413802,361.010677294854,340.651654313976,359.676416520613,352.783003259552,355.248682920838,425.561270981822,-1.59696782571331,-0.244200365555173,-0.18639334380623,-1.20985478974035,0.0331619966560766,-1.33426077424099,-0.0880669365593576,-0.428878427221719,-1.72963603201202
2012-04-13,-2.05,-0.18,-0.05,0,0,271.667952780026,379.706098695846,359.950164296272,359.236855373309,338.743646641212,358.712354515955,351.541852575218,353.60196074696,422.97491992283,-2.6094109360331,-0.937925589461656,-2.53724811753045,-1.77382192154477,-1.90800767276369,-0.964062004658103,-1.24115068433429,-1.64672217387812,-2.58635105899191
2012-04-20,0.57,0.16,0.37,0,0,271.997877196748,379.863031807306,361.818871349117,360.468229531318,337.690468909311,359.676416520613,353.543685687036,355.591932685771,423.338160423931,0.329924416721951,0.156933111459125,1.86870705284474,1.2313741580088,-1.0531777319008,0.964062004658103,2.00183311181803,1.98997193881053,0.363240501100677
2012-04-27,1.87,0.62,-0.18,0,0,274.148497718845,382.624722840674,362.514061314693,361.979729292649,340.219688199524,360.902422886447,353.427033588652,357.262649728969,425.985900069967,2.15062052209635,2.76169103336866,0.695189965576276,1.51149976133121,2.52921929021284,1.22600636583411,-0.116652098384122,1.67071704319807,2.64773964603631
2012-05-04,-2.69,-1.44,0.41,0,0,271.469474382088,380.376941998789,360.956564739421,359.043938130068,336.970671457078,357.459030771181,352.871070196111,357.150258596036,422.390976657674,-2.67902333675687,-2.247780841885,-1.5574965752719,-2.93579116258087,-3.24901674244541,-3.44339211526625,-0.555963392540264,-0.11239113293226,-3.59492341229299
2012-05-11,-0.99,0.77,0.35,0,0,269.597761986794,379.030724674405,361.145830714535,357.487053750207,335.759374418002,355.563373496657,352.724248851281,358.157260112543,420.975441373293,-1.87171239529374,-1.34621732438427,0.189265975114097,-1.55688437986151,-1.21129703907616,-1.8956572745235,-0.146821344830016,1.00700151650631,-1.41553528438158
2012-05-18,-4.47,-0.47,0.18,0,0,262.321826558551,373.790768518129,358.546149491545,352.959059643055,331.163730494951,348.920825898487,351.154543883102,356.727663235469,415.778873477864,-7.27593542824292,-5.23995615627587,-2.5996812229904,-4.52799410715141,-4.59564392305111,-6.64254759817049,-1.56970496817939,-1.42959687707395,-5.19656789542927
2012-05-25,1.95,0.45,-1,0,0,264.048488160644,376.769063453823,359.511807429946,355.30597309714,332.755084149386,352.606636370802,352.311998561896,357.738907808057,417.638527255831,1.7266616020932,2.9782949356935,0.965657938401421,2.34691345408464,1.5913536544345,3.68581047231555,1.15745467879395,1.01124457258857,1.85965377796742
2012-06-01,-3.15,-0.41,0.67,0.002,0.00104,260.268968544438,373.145990164905,357.037741003294,351.690418937413,330.321697330195,349.953328238302,350.134433026709,357.543076160636,412.85849453768,-3.77951961620602,-3.62307328891711,-2.47406642665266,-3.61555415972754,-2.43338681919056,-2.65330813250068,-2.1775655351866,-0.195831647421642,-4.78003271815078
2012-06-08,3.73,0.07,-0.19,0.002,0.00104,264.830019669644,377.06898293115,359.977497903112,354.961738678043,334.392131384243,354.327548025514,352.900408614981,360.604117580493,416.635509819837,4.56105112520527,3.92299276624476,2.93975689981801,3.2713197406303,4.07043405404738,4.37421978721267,2.76597558827177,3.06104141985747,3.77701528215715
2012-06-15,1.06,-0.96,0.59,0.002,0.00104,266.305283517147,377.115044654673,361.253822085721,355.391846867982,334.533224882076,354.18285114019,353.60196074696,360.902422886447,418.357569595004,1.47526384750375,0.0460617235228256,1.27632418260981,0.430108189939062,0.141093497833481,-0.144696885324322,0.701552131978872,0.298305305953988,1.722059775167
2012-06-22,-0.34,1.14,-0.39,0.002,0.00104,266.235524184008,376.838355522654,362.220532084594,354.81795720108,334.99040872746,353.193320365121,352.370995613755,359.07152053267,415.009457732659,-0.0697593331393591,-0.276689132019499,0.966709998873,-0.573889666901835,0.457183845384463,-0.98953077506917,-1.23096513320536,-1.83090235377665,-3.34811186234504
2012-06-29,2.09,0.72,0.17,-0.001,-0.00052,268.239045432163,377.917709209472,363.758615972639,357.43099993708,335.863776724336,356.359963768718,354.875494601977,361.064760584436,419.524514715783,2.00352124815521,1.07935368681814,1.53808388804418,2.6130427359999,0.873367996875459,3.16664340359694,2.50449898822234,1.99324005176578,4.515056983124
2012-07-06,-0.26,1.57,-0.37,-0.001,-0.00052,267.276838695757,377.89486512028,362.780160460535,356.133013316696,335.654862999327,355.934008275895,355.420455078733,360.631273045697,419.464228353746,-0.962206736406245,-0.0228440891913237,-0.978455512103949,-1.29798662038388,-0.208913725008586,-0.425955492822766,0.544960476756444,-0.433487538738859,-0.0602863620368339
2012-07-13,-0.06,-1.18,0.79,-0.001,-0.00052,268.716699018579,377.528648185468,364.0739078786,355.047908437791,334.250838531348,354.789176081296,356.473246137105,362.006513811358,420.065462691551,1.43986032282157,-0.366216934812826,1.29374741806549,-1.08510487890516,-1.40402446797975,-1.14483219459925,1.05279105837189,1.37524076566024,0.60123433780501
2012-07-20,0.26,-1.35,-1.58,-0.001,-0.00052,266.444656362008,377.89486512028,364.414356027254,356.047773930941,335.898553285285,356.727663235469,355.734606415209,362.886402170395,423.105838553792,-2.27204265657082,0.366216934812826,0.340448148654389,0.999865493150253,1.64771475393701,1.93848715417289,-0.738639721896732,0.879888359037352,3.04037586224075
2012-07-27,1.45,-1.24,0.71,-0.001,-0.00052,269.192081917233,379.053310784044,365.893557774086,358.379667766078,337.211180076706,355.877076876692,357.290727786152,363.995178049051,425.206030821386,2.74742555522488,1.15844566376325,1.4792017468319,2.33189383513718,1.31262679142128,-0.85058635877715,1.55612137094289,1.10877587865627,2.10019226759329
2012-08-03,0.17,-1.16,0.96,0.001,0.00052,269.597761986794,379.166164875696,365.039846729565,358.795353552398,338.574527710323,355.877076876692,357.655026914002,363.389514578118,425.476128362801,0.40568006956147,0.112854091652594,-0.853711044520935,0.415685786319159,1.36334763361748,0,0.364299127850131,-0.605663470933621,0.270097541415055
2012-08-10,1.37,0.77,0.65,0.001,0.00052,270.404217970467,379.818218900439,365.558116871242,360.223164738826,340.552135314221,358.518421777517,357.318797961774,362.540703115836,428.24825043375,0.806455983673004,0.652054024742426,0.51827014167668,1.42781118642887,1.97760760389764,2.64134490082552,-0.336228952227202,-0.84881146228139,2.77212207094897
2012-08-17,1.13,1.26,-0.41,0.001,0.00052,271.667952780026,381.617267977131,365.013862579751,361.57709822933,342.621514463744,359.016348117478,358.073729549423,361.33473915015,428.455161329005,1.26373480955931,1.79904907669254,-0.544254291491598,1.35393349050332,2.06937914952334,0.49792633996077,0.754931587648855,-1.20596396568635,0.206910895255021
2012-08-24,-0.55,-1.02,0.11,0.001,0.00052,271.667952780026,381.485109367587,365.687265797885,360.304919750874,342.001913590274,357.906458810673,357.234563785799,360.032142713215,427.638830265088,0,-0.132158609543922,0.673403218134467,-1.27217847845543,-0.619600873470006,-1.10988930680492,-0.839165763624806,-1.3025964369354,-0.816331063916095
2012-08-31,-0.18,0.49,-0.26,0,0,271.866038021423,381.881062370597,365.945064342312,359.346926930928,341.739876100016,357.374914686031,356.840530064606,359.209318542624,426.997713086526,0.198085241396143,0.395953003009481,0.25779854442743,-0.957992819946469,-0.262037490258024,-0.531544124642437,-0.394033721192329,-0.822824170590081,-0.641117178562581
2012-09-07,2.57,0.85,1.16,0,0,275.238601492226,384.652402319545,367.705987730859,361.091791264422,343.688622407066,360.956564739421,357.682995030531,360.059453924636,429.646874631224,3.37256347080358,2.77133994894831,1.76092338854698,1.7448643334946,1.94874630704993,3.58165005339055,0.842464965925103,0.850135382012013,2.64916154469762
2012-09-14,2.09,0.72,1.66,0,0,278.993736057439,386.514101952802,368.059523452624,363.12503412773,345.25240088275,364.675452781326,357.738907808057,359.840755094986,433.820535512503,3.75513456521327,1.86169963325653,0.353535721764445,2.03324286330752,1.56377847568336,3.71888804190542,0.0559127775260322,-0.21869882965035,4.17366088127966
2012-09-21,-0.48,-0.34,-1.05,0,0,276.190687389292,386.009793256323,369.361820846111,360.658421138711,344.839898314645,362.220532084594,358.240720960342,358.518421777517,431.079912538551,-2.80304866814737,-0.504308696478915,1.30229739348709,-2.46661298901932,-0.412502568104628,-2.45492069673213,0.501813152284626,-1.32233331746897,-2.74062297395182
2012-09-28,-1.41,-0.72,-0.14,0.001,0.00052,274.727091425549,384.524197173779,369.162567978196,359.840755094986,342.848824189806,360.468229531318,357.878553131686,359.456877464269,429.701326034692,-1.46359596374293,-1.48559608254317,-0.199252867914822,-0.817666043724557,-1.99107412483909,-1.75230255327631,-0.362167828655686,0.938455686752377,-1.37858650385886
2012-10-05,1.46,-1.01,1.48,0.001,0.00052,277.633170851862,386.304282320643,371.770983578181,361.523291394564,343.043250693049,361.57709822933,359.758619566755,360.386607978698,429.823733394417,2.90607942631243,1.78008514686326,2.60841559998516,1.68253629957769,0.194426503243108,1.10886869801169,1.88006643506827,0.929730514428456,0.122407359724832
2012-10-12,-2.21,-0.16,1.05,0.001,0.00052,276.064265122138,383.406146395843,369.659957712907,359.594145845467,339.852715310628,359.37442589989,357.934356704563,359.731226058845,428.441380580688,-1.5689057297235,-2.89813592479936,-2.11102586527386,-1.92914554909703,-3.19053538242133,-2.20267232944002,-1.82426286219163,-0.655381919853369,-1.3823528137292
2012-10-19,0.26,-1.17,1.92,0.001,0.00052,277.944019718888,384.117126445619,370.376806660769,360.522606911668,337.724616083964,361.33473915015,357.459030771181,361.388647507251,430.095214489621,1.87975459675022,0.710980049776083,0.716848947861251,0.928461066201578,-2.12809922666349,1.96031325026019,-0.47532593338201,1.65742144840601,1.653833908933
2012-10-26,-1.37,0.79,-0.54,0.001,0.00052,276.000994003292,382.690075201131,369.684762376311,359.236855373309,336.695094293356,358.656983528937,356.529839234258,359.950164296272,427.611040908233,-1.94302571559621,-1.42705124448838,-0.692044284457381,-1.28575153835908,-1.02952179060776,-2.67775562121329,-0.929191536922701,-1.43848321097863,-2.48417358138789
2012-11-02,0.28,0.12,0.6,0.002,0.00104,277.133794033813,384.074180342318,369.237334336819,360.631273045697,336.591556751752,358.546149491545,356.104608260405,359.07152053267,426.352459059288,1.1328000305208,1.38410514118715,-0.447428039492138,1.39441767238816,-0.103537541604851,-0.11083403739184,-0.425230973853047,-0.878643763601474,-1.25858184894514
2012-11-09,-2.33,0.11,-0.85,0.002,0.00104,274.08400239252,381.595253667741,366.791114767774,359.099095329481,334.073941262504,357.12214106457,354.385368206368,354.587475969693,424.204591836945,-3.04979164129281,-2.478926674577,-2.44621956904518,-1.53217771621627,-2.51761548924742,-1.42400842697435,-1.71924005403724,-4.48404456297732,-2.14786722234294
2012-11-16,-1.46,-1.01,-0.17,0.002,0.00104,272.654478373837,380.976877138939,366.176516162236,356.953269648137,331.998732623661,355.134004009187,353.834721980939,353.689309711605,423.280130536912,-1.42952401868263,-0.618376528802287,-0.614598605537537,-2.14582568134415,-2.07520863884292,-1.98813705538294,-0.550646225429034,-0.898166258087713,-0.924461300033443
2012-11-23,3.71,0.45,-0.16,0.002,0.00104,276.253838638628,385.354607566917,368.937932915559,360.386607978698,336.210999295411,359.456877464269,357.43099993708,352.900408614981,427.123472901885,3.5993602647905,4.37773042797807,2.76141675332229,3.43333833056096,4.2122666717496,4.322873455082,3.59627795614114,-0.788901096624272,3.84334236497313
2012-11-30,0.82,1.48,-0.25,0.003,0.00156,275.747508442973,386.136109062592,369.486152579148,361.442526818899,337.176857097134,360.277675506052,358.462943274014,356.444937573576,426.352459059288,-0.506330195654641,0.781501495674775,0.548219663589634,1.05591884020089,0.96585780172353,0.82079804178295,1.03194333693369,3.54452895859475,-0.771013842596744
2012-12-07,0.13,-0.59,1.27,0.003,0.00156,277.383794164021,385.904408063726,370.080802497921,362.434093297637,335.933317756346,358.490686373096,358.850647996715,356.840530064606,427.053625864052,1.63628572104801,-0.231700998865847,0.594649918772632,0.991566478737695,-1.24353934078869,-1.78698913295665,0.387704722701187,0.395592491030243,0.701166804763773
2012-12-14,-0.14,0.54,0.77,0.003,0.00156,277.258872223978,384.695100868443,370.15488572146,362.753582387288,335.654862999327,360.141342833266,358.240720960342,356.133013316696,426.577367784963,-0.12492194004318,-1.20930719528286,0.074083223538878,0.319489089651881,-0.278454757018324,1.65065646017024,-0.609927036372937,-0.707516747910063,-0.476258079088666
2012-12-21,1.4,1.11,1.14,0.003,0.00156,279.728133483015,385.608737309784,369.411572090918,363.574235570081,336.5570204019,361.091791264422,356.019344648589,356.41662099403,427.763786893635,2.46926125903718,0.913636441341168,-0.74331363054165,0.820653182792341,0.902157402573096,0.950448431156417,-2.22137631175281,0.283607677333407,1.18641910867177
2012-12-28,-1.88,0.14,0.06,0.002,0.00104,278.377591163035,383.966734323601,367.528750059447,361.68462512141,334.497970166393,360.604117580493,353.950899745967,353.950899745967,424.606371685794,-1.35054231998072,-1.64200298618368,-1.88282203147128,-1.88961044867028,-2.05905023550775,-0.487673683929302,-2.06844490262233,-2.46572124806272,-3.15741520784059
2013-01-04,4.8,0.68,0.91,0.002,0.00104,283.615020372953,388.629485685541,371.113006304876,366.663384516662,338.439026334577,365.506410561921,357.822718401034,357.627050973128,430.122322107028,5.23742920991799,4.66275136194088,3.58425624542861,4.97875939525119,3.94105616818473,4.90229298142742,3.87181865506733,3.67615122716143,5.51595042123313
2013-01-11,0.45,-0.3,-0.73,0.002,0.00104,283.96630879041,388.916371128206,373.217837850908,366.586667980486,338.743646641212,366.381802351856,358.1294243434,356.671182013973,429.878088607061,0.351288417457624,0.286885442664868,2.10483154603281,-0.0767165361753541,0.304620306634433,0.875391789935918,0.306705942365738,-0.955868959155339,-0.244233499966015
2013-01-18,0.98,0.42,0.13,0.002,0.00104,284.199817361195,390.841650983403,374.194617505063,368.712792107513,338.065448043083,367.224181296091,359.676416520613,357.459030771181,432.400019715153,0.233508570784636,1.92527985519712,0.976779654154484,2.12612412702669,-0.678198598129256,0.842378944234781,1.54699217721316,0.787848757207996,2.52193110809179
2013-01-25,1.27,0.04,0.2,0.003,0.00156,286.048512414597,392.986292355648,375.770564504379,370.056095888777,337.758751602302,368.286138178837,360.441029748749,358.988750490699,434.237582904409,1.84869505340168,2.14464137224428,1.57594699931599,1.34330378126447,-0.306696440780399,1.06195688274607,0.764613228135602,1.52971971951769,1.8375631892556
2013-02-01,0.73,-0.13,0.95,0.003,0.00156,286.846692250811,392.038792175977,376.699723337789,370.056095888777,339.215663701001,367.630067190708,361.550198430916,360.223164738826,435.76058601322,0.798179836214899,-0.947500179670328,0.929158833409986,0,1.45691209869847,-0.656070988129727,1.10916868216748,1.23441424812785,1.52300310881105
2013-02-08,0.44,0.03,-0.07,0.003,0.00156,286.789890204411,392.632031012897,377.022899981026,370.401434169821,339.886132186461,367.325807321098,362.380745737022,360.250423836719,436.411721413031,-0.0568020464007759,0.593238836919681,0.323176643237105,0.345338281043212,0.670468485460106,-0.304259869609666,0.830547306106041,0.0272590978926246,0.651135399811437
2013-02-15,0.23,0.65,1.12,0.003,0.00156,287.694873756402,393.064846955131,377.06898293115,371.503441159079,339.383702725586,367.249597486341,362.726997248225,360.332156575229,436.246147917904,0.904983551991734,0.432815942234015,0.046082950124287,1.10200698925809,-0.502429460874453,-0.076209834756753,0.346251511202354,0.0817327385099134,-0.165573495127205
2013-02-22,-0.36,-0.46,-0.52,0.003,0.00156,287.582197688143,391.621421004661,377.022899981026,370.966199329646,339.081028877567,364.362054770832,364.440496401211,361.57709822933,435.632413732151,-0.112676068259077,-1.4434259504697,-0.046082950124287,-0.537241829432276,-0.302673848019481,-2.88754271550908,1.71349915298617,1.24494165410078,-0.613734185753287
2013-03-01,0.2,-0.58,-0.77,0.003,0.00156,287.016905057865,393.280554461067,377.917709209472,371.113006304876,339.047341829918,365.091794782682,364.335893881213,362.434093297637,435.401288821868,-0.565292630278748,1.65913345640604,0.894809228445752,0.146806975229083,-0.0336870476488684,0.729740011849628,-0.104602519998025,0.856995068306787,-0.231124910282631
2013-03-08,2.47,0.42,0.61,0.003,0.00156,290.361698464619,396.309627561215,379.638766182922,373.337469400049,341.081762503915,367.857656111804,365.377027700037,363.679637424371,436.932126217633,3.34479340675398,3.02907310014723,1.72105697345046,2.22446309517318,2.03442067399664,2.76586132912217,1.04113381882416,1.24554412673456,1.53083739576454
2013-03-15,0.66,0.35,0.93,0.003,0.00156,291.452221812845,396.252598760125,380.064441744476,373.69550773455,340.784192438082,368.512240523622,365.013862579751,364.100137386947,437.701409285034,1.09052334822627,-0.0570288010893591,0.425675561553533,0.358038334501202,-0.297570065832247,0.654584411818462,-0.363165120286283,0.420499962576173,0.76928306740092
2013-03-22,-0.2,0,-0.63,0.003,0.00156,290.032208874933,396.309627561215,380.510572308207,372.858082096549,340.684805317097,366.535490906698,367.122451887522,364.204986675714,436.627827770574,-1.42001293791151,0.0570288010893591,0.446130563731174,-0.837425638001093,-0.099387120985341,-1.97674961692445,2.10858930777101,0.104849288766616,-1.07358151445948
2013-03-28,0.85,-0.26,-0.55,0.003,0.00156,290.197089373952,397.029191355212,382.885876416738,373.193894357438,341.015712303363,366.816641251639,368.31128592196,366.612246699132,437.336422409523,0.164880499018352,0.719563793997565,2.37530410853088,0.33581226088944,0.330906986265688,0.281150344941523,1.1888340344384,2.40726002341813,0.708594638948568
2013-04-05,-1.4,-1.83,0.11,0.003,0.00156,289.203703721523,396.252598760125,383.751495325308,371.284009155878,339.215663701001,364.571095871256,368.034312309165,367.807125539733,434.769395559338,-0.993385652429083,-0.776592595086925,0.865618908570696,-1.90988520156031,-1.80004860236204,-2.2455453803837,-0.276973612794961,1.19487884060129,-2.56702685018519
2013-04-12,2.38,-0.02,-0.33,0.003,0.00156,291.614779421115,399.654796049783,386.974161317154,373.193894357438,341.312595252743,365.687265797885,370.647376251489,369.709560888528,435.670882668959,2.41107569959229,3.40219728965809,3.22266599184559,1.90988520156031,2.09693155174227,1.11616992662925,2.61306394232378,1.90243534879437,0.901487109621542
2013-04-19,-2.23,-1.33,-0.43,0.003,0.00156,289.480635496403,397.480999352691,386.283276123737,369.833461288469,337.929254627411,363.12503412773,371.381593940397,370.696492166032,431.160417037734,-2.13414392471185,-2.17379669709226,-0.690885193416591,-3.36043306896914,-3.38334062533238,-2.56223167015503,0.734217688908018,0.986931277504425,-4.51046563122566
2013-04-26,1.91,0.48,1.17,0.003,0.00156,292.100872735805,399.397158807531,386.157146193205,371.916614671881,340.252982689593,366.09942506244,371.088553437655,371.308414281075,434.614035610947,2.6202372394024,1.91615945484023,-0.12612993053267,2.08315338341168,2.32372806218285,2.97439093471007,-0.29304050274169,0.611922115043285,3.45361857321376
2013-05-03,2.04,0.17,-0.1,0.003,0.00156,293.651291389402,401.710348187865,386.430226921673,374.076007599093,344.073855628269,368.436929863605,371.916614671881,371.088553437655,437.537959195209,1.55041865359658,2.31318938033394,0.273080728468642,2.15939292721168,3.82087293867539,2.33750480116498,0.828061234225743,-0.219860843420292,2.9239235842615
2013-05-10,1.44,0.7,0.3,0.003,0.00156,295.751106073379,403.900801718263,387.494399718673,376.560898697261,345.284061481399,370.302887721836,371.746691096585,368.462039719355,438.539595214349,2.09981468397734,2.1904535303982,1.06417279699912,2.48489109816848,1.21020585313056,1.86595785823056,-0.169923575295968,-2.6265137182998,1.00163601913982
2013-05-17,2.14,-0.13,0.33,0.003,0.00156,299.322914333587,405.265413516789,389.385903480047,378.804582560844,347.196645255036,371.989350764311,373.624002547377,369.684762376311,440.818159215073,3.57180826020789,1.36461179852569,1.89150376137496,2.24368386358253,1.91258377363692,1.686463042475,1.87731145079249,1.22272265695602,2.27856400072466
2013-05-24,-1.06,0.21,0.02,0.003,0.00156,298.214032003452,403.953632572711,389.426628383889,377.757690887522,345.600117370283,370.302887721836,373.050112880476,365.919314374358,440.317639339662,-1.1088823301348,-1.31178094407858,0.0407249038412374,-1.04689167332117,-1.59652788475336,-1.686463042475,-0.573889666901778,-3.7654480019537,-0.500519875411669
2013-05-31,-0.74,1.14,0.72,0.003,0.00156,298.770010185673,402.749225523426,387.349005571136,377.345035556421,345.505405445287,369.635146895264,369.012867351437,362.912944970816,438.825718442452,0.555978182220258,-1.20440704928461,-2.07762281275245,-0.412655331101746,-0.094711924996318,-0.667740826571901,-4.03724552903873,-3.00636940354138,-1.49192089720981
2013-06-07,0.72,-0.42,-0.21,0.003,0.00156,299.423114742772,404.02403032289,388.156379794344,377.940548081331,345.72626055951,369.336935938679,370.573657118036,363.679637424371,439.826901021975,0.653104557099709,1.27480479946399,0.807374223207489,0.595512524910077,0.220855114223809,-0.298210956584853,1.5607897665991,0.766692453554867,1.00118257952283
2013-06-14,-0.93,0.52,-0.54,0.003,0.00156,297.297528643138,403.158224048579,388.238820029846,376.815263500844,344.617074730489,369.012867351437,370.622809244855,363.758615972639,438.090100138637,-2.12558609963486,-0.865806274311467,0.0824402355017924,-1.12528458048627,-1.10918582902178,-0.324068587241982,0.049152126819024,0.0789785482674574,-1.73680088333742
2013-06-21,-2.08,0.76,-0.02,0.003,0.00156,295.073490762326,400.806019362509,385.608737309784,374.478708605223,341.805449872858,365.790464981451,367.452694788954,359.840755094986,435.888594223224,-2.22403788081198,-2.35220468606974,-2.6300827200613,-2.33655489562119,-2.81162485763082,-3.2224023699863,-3.1701144559014,-3.91786087765246,-2.20150591541329
2013-06-28,1.11,0.36,0.34,0.004,0.00208,296.733279903229,403.246915850401,386.304282320643,375.279277985759,342.034620050092,364.64937376175,368.059523452624,362.780160460535,436.054760299676,1.65978914090374,2.44089648789253,0.695545010858496,0.800569380535649,0.229170177233812,-1.14109121970068,0.606828663670285,2.93940536554851,0.166166076451873
2013-07-05,1.84,1.4,-0.1,0.004,0.00208,298.669152890184,405.646960979317,387.577387275302,376.815263500844,343.977686362963,365.635626240838,368.962917300448,360.821155104648,438.15265096322,1.93587298695491,2.40004512891608,1.27310495465974,1.53598551508554,1.94306631287145,0.986252479087739,0.903393847824361,-1.95900535588646,2.09789066354421
2013-07-12,3.03,0.08,-0.19,0.004,0.00208,301.30809118886,408.966697267099,390.962012081184,379.436496195991,346.354600672669,368.962917300448,372.400525608931,365.428800934432,440.562108352751,2.63893829867624,3.31973628778155,3.38462480588112,2.62123269514694,2.37691430970597,3.32729105961062,3.43760830848282,4.60764582978356,2.40945738953104
2013-07-19,0.72,0.42,1.83,0.004,0.00208,303.158192644769,408.71520916406,392.335851509189,381.573234510986,344.808096756101,370.080802497921,373.289633953071,367.351197698281,442.74778975778,1.85010145590843,-0.251488103039321,1.37383942800557,2.1367383149946,-1.54650391656844,1.11788519747279,0.88910834413997,1.92239676384975,2.1856814050289
2013-07-26,0.12,-0.18,-0.17,0.004,0.00208,302.723094061336,408.631239052484,393.456696986304,380.510572308207,345.72626055951,370.105503004407,372.641605764266,367.249597486341,441.88406077966,-0.435098583432648,-0.0839701115759226,1.12084547711487,-1.06266220277911,0.918163803409811,0.0247005064859422,-0.648028188804801,-0.101600211940251,-0.863728978120093
2013-08-02,1.45,-0.14,-0.95,0.003,0.00156,303.543364040554,410.627313308737,393.885965938171,382.907608460722,347.227696334311,371.381593940397,373.169945129686,367.731281774247,442.352839809889,0.820269979218097,1.99607425625379,0.429268951866504,2.39703615251517,1.50143577480031,1.27609093598983,0.528339365420265,0.481684287905864,0.468779030229598
2013-08-09,-0.97,-0.02,-0.23,0.003,0.00156,301.651481273652,409.567700745588,393.005936791424,381.749252158191,346.479796307175,372.27976723174,372.737875326455,366.714496196793,441.388860782263,-1.89188276690231,-1.05961256314953,-0.880029146746097,-1.15835630253076,-0.747900027135699,0.898173291342914,-0.432069803231855,-1.01678557745407,-0.963979027626806
2013-08-16,-2.04,0.14,0.21,0.003,0.00156,299.673177388707,406.199353200444,390.015283285766,380.621794653117,346.009502290964,370.770120835452,369.610329920326,362.540703115836,439.728463706286,-1.97830388494452,-3.36834754514382,-2.9906535056586,-1.12745750507429,-0.470294016210971,-1.50964639628728,-3.12754540612906,-4.17379308095673,-1.66039707597633
2013-08-23,0.61,0.91,-1.15,0.003,0.00156,299.872778253379,406.936857615192,390.781416065409,380.954721383891,346.792101370506,371.770983578181,369.411572090918,362.859852322901,440.378812645539,0.199600864671481,0.73750441474823,0.766132779643272,0.332926730774034,0.782599079542251,1.00086274272888,-0.198757829407327,0.319149207064356,0.650348939253149
2013-08-30,-1.87,-0.54,-1.05,0.003,0.00156,296.733279903229,405.491049297669,389.630004496291,378.509831185448,344.680789291421,369.957208365268,367.65538044233,361.899332664977,440.146154731249,-3.13949835014967,-1.44580831752302,-1.15141156911812,-2.44489019844309,-2.11131207908556,-1.81377521291336,-1.7561916485883,-0.960519657923669,-0.232657914290542
2013-09-06,1.49,0.25,0.11,0.003,0.00156,298.568193770049,407.158757509948,391.601502669768,380.354652909206,345.852244828142,371.527792796847,368.31128592196,361.037722595898,441.739377851117,1.8349138668197,1.66770821227908,1.97149817347736,1.84482172375829,1.17145553672174,1.57058443157877,0.655905479630007,-0.861610069079063,1.59322311986836
2013-09-13,2.15,0.3,-0.52,0.003,0.00156,300.568260440716,409.783845147636,393.593482547446,383.319622488218,347.382807269706,374.147190423311,370.671937224227,361.657754235853,443.022138352355,2.00006667066691,2.62508763768716,1.99197987767752,2.96496957901132,1.5305624415638,2.61939762646398,2.36065130226677,0.620031639955243,1.28276050123776
2013-09-20,1.36,0.49,-0.62,0.003,0.00156,301.651481273652,411.021791137839,394.235820522422,384.929617551984,347.877551630753,375.232362667047,371.308414281075,362.514061314693,443.12928759768,1.08322083293609,1.23794599020351,0.642337974975987,1.60999506376658,0.494744361046742,1.08517224373645,0.636477056848662,0.856307078839848,0.107149245324933
2013-09-27,-0.77,1.15,-0.53,0.003,0.00156,299.773027621666,410.857614446882,392.592591059714,384.331580741836,347.320791763843,374.147190423311,369.46129859617,362.193804836005,442.54452550414,-1.87845365198558,-0.164176690956651,-1.64322946270812,-0.598036810148585,-0.556759866910284,-1.08517224373645,-1.8471156849057,-0.320256478687497,-0.584762093539609
2013-10-04,0.18,0.35,0.25,0.003,0.00156,299.822915375258,411.054594156011,393.613008077138,383.449380291891,347.134514156424,375.067985501938,368.411813701223,361.496377116377,442.7716760591,0.0498877535914062,0.19697970912847,1.02041701742417,-0.882200449944662,-0.186277607419015,0.920795078627634,-1.04948489494711,-0.697427719628649,0.227150554959451
2013-10-11,0.54,-0.3,1.4,0.003,0.00156,301.111337559229,410.742530176063,393.632529795111,384.58832029236,347.97004431501,375.067985501938,370.302887721836,364.0739078786,443.426323400939,1.28842218397148,-0.312063979947823,0.0195217179731912,1.13894000046923,0.835530158586153,0,1.89107402061302,2.57753076222326,0.654647341839336
2013-10-18,2.52,0.13,-0.08,0.003,0.00156,304.022751344054,412.777933830834,396.176509732296,386.472173231013,350.375396998725,377.413929806476,372.545243434478,364.883840457675,446.521822556065,2.91141378482496,2.03540365477073,2.54397993718493,1.88385293865321,2.40535268371485,2.34594430453768,2.24235571264211,0.809932579075166,3.09549915512548
2013-10-25,0.72,-0.22,-0.1,0.003,0.00156,303.783344957263,414.804329455604,396.537418092514,388.691030461307,351.154543883102,378.962935721408,373.814569541685,366.867674679642,446.129981556839,-0.239406386791643,2.02639562476969,0.360908360218048,2.21885723029374,0.779146884377326,1.54900591493191,1.26932610720775,1.98383422196639,-0.391840999225678
2013-11-01,-0.12,-1.67,0.11,0.002,0.00104,302.626147858881,415.198434166852,397.255350516818,389.120786571423,351.631018876266,377.666136749747,374.97393423707,366.509892544853,445.527709641347,-1.15719709838123,0.394104711248019,0.71793242430374,0.429756110115591,0.476474993163947,-1.29679897166096,1.15936469538445,-0.357782134788351,-0.602271915491485
2013-11-08,0.46,0.11,0.42,0.002,0.00104,303.783344957263,414.772733878721,397.330623384504,389.954548391703,352.34150143864,378.827219799197,375.349609719991,366.227877231676,446.072228162222,1.15719709838123,-0.425700288130145,0.0752728676866354,0.833761820280699,0.710482562374409,1.16108304945016,0.375675482920997,-0.282015313177567,0.544518520874419
2013-11-15,1.71,-0.05,-0.96,0.002,0.00104,305.069383162797,417.361774311661,399.489248325044,391.222298543081,353.514535417189,380.488312987024,376.884523575182,367.275007218405,447.346569499066,1.28603820553394,2.58904043293944,2.1586249405396,1.26775015137792,1.17303397854897,1.66109318782713,1.53491385519089,1.04712998672954,1.27434133684449
2013-11-22,0.36,0.23,0.57,0.002,0.00104,306.758771065442,417.207691076245,401.186834039786,391.899861916457,353.105536892037,380.086795606198,376.491414038993,365.480547378019,447.994704123401,1.68938790264536,-0.154083235415555,1.69758571474222,0.677563373375904,-0.408998525152469,-0.401517380825908,-0.393109536188376,-1.79445984038676,0.648134624335057
2013-11-29,0.35,1.6,-0.64,0,0,306.712226964066,418.357569595004,401.204931949527,391.999117507732,354.645146098166,379.188720418817,376.143264679564,363.837532194017,445.945053163869,-0.0465441013755026,1.14987851875907,0.0180979097407885,0.0992555912751527,1.53960920612894,-0.898075187381778,-0.34814935942893,-1.64301518400168,-2.04965095953287
2013-12-06,-0.07,-0.81,-0.09,0,0,306.292352309431,417.638527255831,401.132520650201,391.879998970717,355.019193434004,379.030724674405,376.305885228819,364.909858410209,445.910340985331,-0.419874654635009,-0.71904233917337,-0.072411299326177,-0.119118537015311,0.374047335838441,-0.157995744411608,0.162620549254257,1.07232621619232,-0.0347121785377453
2013-12-13,-1.46,-0.61,0.57,0,0,305.069383162797,416.635509819837,398.545932350133,390.741239287046,353.222564406856,378.396233536063,374.40776145787,362.46075640938,444.417949989597,-1.22296914663485,-1.00301743599363,-2.58658830006806,-1.13875968367074,-1.79662902714836,-0.634491138342128,-1.89812377094887,-2.44910200082955,-1.49239099573424
2013-12-20,2.57,0.94,-0.41,0,0,307.269331469012,418.448991207345,400.569548129078,393.691072093592,355.420455078733,380.510572308207,375.067985501938,363.310243864494,446.210780314625,2.19994830621539,1.8134813875073,2.02361577894527,2.94983280654623,2.19789067187753,2.11433877214404,0.660224044068457,0.849487455114172,1.79283032502889
2013-12-27,1.35,0.22,-0.03,0.001,0.00052,308.145114895653,419.373730610014,401.421851774282,395.124371858143,357.178368223769,382.929335782915,375.747224557955,363.257361790284,448.062685091349,0.875783426640908,0.924739402668877,0.852303645203506,1.43329976455027,1.75791314503539,2.41876347470816,0.679239056016513,-0.0528820742096059,1.85190477672364
2014-01-03,-0.41,-0.02,-0.07,0.001,0.00052,308.602991153477,419.479303351891,401.204931949527,394.487734229909,356.161410306806,382.297318859464,374.644056463847,361.818871349117,446.510319709097,0.457876257824296,0.105572741877154,-0.216919824754541,-0.636637628233416,-1.01695791696289,-0.632016923451488,-1.10316809410807,-1.43849044116746,-1.55236538225176
2014-01-10,0.7,0.46,-1.38,0.001,0.00052,309.240516081425,419.479303351891,403.847942938071,394.989665785623,356.444937573576,382.078452499387,374.714836223791,364.335893881213,446.475803227135,0.63752492794805,0,2.64301098854344,0.501931555713441,0.283527266769966,-0.218866360076049,0.0707797599444575,2.51702253209595,-0.0345164819626689
2014-01-17,-0.1,0.63,-0.72,0.001,0.00052,308.78555624298,417.57709275843,404.340208348453,394.777617513396,357.655026914002,382.71184983377,373.933489760243,363.9163861868,445.446356856339,-0.454959838445518,-1.90221059346112,0.492265410382117,-0.212048272226355,1.21008934042572,0.633397334382721,-0.781346463548232,-0.419507694412289,-1.02944637079582
2014-01-24,-2.6,0.54,0,0.001,0.00052,304.974686186023,415.103990589865,401.926175609774,390.821576708519,355.905546627774,378.123071517812,372.521138336133,363.705970538414,443.473767358655,-3.81087005695673,-2.47310216856499,-2.41403273867815,-3.9560408048772,-1.74948028622811,-4.58877831595794,-1.41235142411034,-0.210415648386402,-1.97258949768377
2014-01-31,-0.44,-0.82,0.14,0.001,0.00052,304.737550670583,414.02734941105,402.463714979728,391.262282550011,355.019193434004,378.509831185448,370.770120835452,366.612246699132,442.340847245265,-0.237135515440002,-1.0766411788145,0.537539369953606,0.440705841492161,-0.886353193769253,0.386759667635658,-1.75101750068023,2.90627616071805,-1.13292011338996
2014-02-07,0.56,-2.09,-0.09,0.001,0.00052,305.823747890539,416.028834551613,403.158224048579,392.137910035217,355.820113047182,379.997350161952,371.186329050431,366.047997959224,443.12928759768,1.08619721995586,2.00148514056343,0.694509068850437,0.875627485205712,0.800919613177712,1.48751897650442,0.416208214978724,-0.56424873990818,0.788440352414852
2014-02-14,2.53,0.43,0.08,0.001,0.00052,307.454345397828,417.699924034429,406.405716128364,393.905434447918,358.546149491545,383.124669540086,373.385281975667,369.585506785036,445.469607263326,1.63059750728928,1.67108948281538,3.2474920797859,1.76752441270054,2.72603644436276,3.12731937813351,2.19895292523563,3.53750882581232,2.34031966564578
2014-02-21,0.15,1.48,-0.71,0.001,0.00052,306.712226964066,417.745946893261,407.431190847186,393.944360100414,358.212908416706,383.276332444251,372.810016726722,370.253578056142,445.910340985331,-0.742118433761675,0.0460228588318614,1.02547471882207,0.0389256524961752,-0.333241074839236,0.151662904165562,-0.575265248945016,0.668071271106044,0.440733722005064
2014-02-28,1.36,0.37,0.24,0,0,307.731226054641,420.230170372719,408.49674004095,395.239689956642,359.319420397953,385.184828239208,374.596842109806,370.00666435045,447.335161136724,1.01899909057499,2.48422347945859,1.0655491937639,1.29532985622814,1.10651198124731,1.9084957949562,1.78682538308459,-0.246913705692123,1.42482015139353
2014-03-07,1.16,0.43,1.23,0,0,310.772077550204,421.049663895813,408.513562313679,397.029191355212,359.511807429946,386.681641259007,375.32617130432,368.862942285873,447.756406138294,3.04085149556238,0.819493523093229,0.0168222727287457,1.78950139857028,0.192387031993349,1.49681301979911,0.729329194514094,-1.14372206457739,0.421245001570185
2014-03-14,-1.93,0.2,0.11,0,0,308.190996979504,418.737942818929,406.80005868825,393.866493637457,357.318797961774,384.801767545223,375.138465946533,371.088553437655,445.875616753255,-2.58108057069944,-2.31172107688354,-1.71350362542927,-3.16269771775546,-2.19300946817174,-1.87987371378335,-0.187705357787138,2.2256111517824,-1.88078938503901
2014-03-21,1.27,-0.5,1.77,0,0,310.906095886099,418.479446514417,406.354165306706,394.449019556565,359.209318542624,385.798911693566,374.950407593037,370.15488572146,446.659753612415,2.71509890659507,-0.258496304511709,-0.445893381544295,0.582525919108036,1.89052058084997,0.99714414834267,-0.18805835349616,-0.933667716195203,0.784136859159673
2014-03-28,-1.02,-2.78,1.62,0.001,0.00052,309.602999486936,416.324854086931,405.543046872288,394.603788401542,358.546149491545,384.524197173779,375.536919538277,371.381593940397,448.931029989356,-1.30309639916391,-2.15459242748608,-0.811118434418063,0.154768844977582,-0.663169051079649,-1.27471451978653,0.586511945239749,1.22670821893689,2.27127637694053
2014-04-04,0.33,-0.31,1.04,0.001,0.00052,309.874002362822,416.898810521787,406.061540947797,396.157478425739,358.1294243434,385.735560408584,376.003664843026,372.472910700763,450.158586973152,0.271002875886495,0.573956434855461,0.51849407550975,1.55369002419701,-0.416725148144906,1.21136323480431,0.466745304749566,1.09131676036657,1.22755698379638
2014-04-11,-2.87,-0.57,0.28,0.001,0.00052,305.776766447344,413.099787987014,402.015966403272,392.986292355648,356.104608260405,382.929335782915,375.536919538277,373.026129189271,448.243742060579,-4.09723591547765,-3.79902253477303,-4.04557454452481,-3.17118607009166,-2.02481608299473,-2.80622462566879,-0.466745304749566,0.553218488507184,-1.91484491257262
2014-04-17,2.68,-0.64,0.32,0.001,0.00052,308.465848274839,415.528286032718,404.111957876256,396.556377235618,358.435192476,386.115067505439,377.574498713552,374.478708605223,453.033887536509,2.68908182749487,2.42849804570443,2.0959914729832,3.57008487996984,2.33058421559502,3.18573172252394,2.03757917527491,1.4525794159527,4.79014547592936
2014-04-25,-0.32,-1.02,0.55,0.001,0.00052,308.42009215416,415.009457732659,404.987007212027,396.100362764977,357.655026914002,385.354607566917,377.940548081331,376.375498875904,453.50695583086,-0.0457561206793002,-0.518828300058772,0.87504933577145,-0.456014470640753,-0.780165561998501,-0.760459938521933,0.366049367778885,1.89679027068109,0.473068294351378
2014-05-02,1,-0.52,-0.67,0.002,0.00104,309.058780456667,416.278172377533,405.61233494019,396.688990686899,359.429401162407,386.17817889914,378.872478908365,374.950407593037,454.03116136396,0.638688302507035,1.26871464487363,0.625327728163256,0.588627921921841,1.77437424840519,0.823571332222912,0.931930827034535,-1.42509128286719,0.524205533099348
2014-05-09,-0.47,-1.8,0.78,0.002,0.00104,308.78555624298,415.637995314155,405.73347365882,397.048057499971,359.264384623311,386.597906692674,379.571388302776,374.384101218791,453.977796722104,-0.273224213687286,-0.640177063377564,0.121138718629652,0.359066813072843,-0.165016539095802,0.41972779353398,0.698909394411089,-0.566306374246096,-0.0533646418556373
2014-05-16,-0.01,-0.2,-1.08,0.002,0.00104,307.915388169306,415.496918403854,406.302587896467,397.198858659558,360.223164738826,386.911550441687,379.053310784044,374.099740837604,453.68913452348,-0.870168073673369,-0.141076910301763,0.569114237647341,0.150801159586536,0.958780115515367,0.313643749013011,-0.518077518732696,-0.28436038118673,-0.288662198624195
2014-05-23,1.39,0.7,-0.42,0.002,0.00104,309.285898428471,417.561728235084,407.770692106908,398.061579689376,362.006513811358,388.321192357403,379.053310784044,373.193894357438,454.488925510316,1.37051025916509,2.06480983123009,1.46810421044034,0.862721029817749,1.78334907253122,1.40964191571572,0,-0.905846480166019,0.799790986836399
2014-05-30,1.17,-0.56,0.33,0.003,0.00156,310.413814739778,418.479446514417,409.083842289281,398.990954408522,363.283806323031,389.345161984271,380.755098383143,375.5135249891,455.713473694953,1.12791631130636,0.917718279333599,1.31315018237359,0.929374719145926,1.27729251167352,1.02396962686839,1.70178759909987,2.31963063166188,1.22454818463734
2014-06-06,1.59,0.92,0.23,0.003,0.00156,312.67605359604,420.349787611862,409.700767964158,401.295372400659,364.257370123742,390.640726664251,381.176058348975,376.305885228819,457.275029473198,2.26223885626177,1.87034109744502,0.616925674877166,2.30441799213696,0.973563800711304,1.29556467997998,0.420959965831685,0.792360239718562,1.56155577824455
2014-06-13,-0.54,0.74,-0.61,0.003,0.00156,311.839228628988,418.646785109791,408.815880313501,399.82007016692,364.100137386947,389.487684659318,380.019719024589,375.067985501938,458.924403543783,-0.836824967051712,-1.70300250207168,-0.884887650656992,-1.47530223373883,-0.157232736795208,-1.15304200493347,-1.15633932438629,-1.23789972688041,1.64937407058522
2014-06-20,1.51,0.59,-0.22,0.003,0.00156,312.80754605417,419.086612921272,410.561415448033,400.769675549643,363.995178049051,390.479696033641,381.153946684982,377.20710450007,461.442720725077,0.96831742518259,0.439827811481678,1.74553513453174,0.949605382723007,-0.104959337895991,0.992011374323113,1.13422766039349,2.13911899813178,2.51831718129364
2014-06-27,-0.05,0.21,-0.14,0.003,0.00156,312.500460925813,420.125387786978,411.202074723504,399.434004791736,364.64937376175,390.116426209327,379.907824641201,378.214208457363,460.537016599076,-0.307085128357414,1.03877486570542,0.640659275471137,-1.33567075790688,0.654195712698595,-0.363269824313647,-1.24612204378121,1.00710395729254,-0.905704126001069
2014-07-03,1.37,0.49,-0.4,0.003,0.00156,313.723183582769,422.053658745986,413.228240156249,400.277736869661,366.227877231676,391.481909273015,380.866049243299,374.950407593037,460.906260070344,1.22272265695602,1.92827095900827,2.02616543274496,0.84373207792504,1.57850346992586,1.36548306368769,0.958224602098142,-3.2638008643255,0.369243471267737
2014-07-11,-1.35,-3.08,0.79,0.003,0.00156,312.192429879175,421.049663895813,412.098649316852,399.027950339391,366.15082573178,390.459548959935,381.242364020539,375.723879162728,458.904080405821,-1.53075370359397,-1.00399485017346,-1.12959083939717,-1.24978653026966,-0.0770514998952763,-1.02236031307973,0.376314777239827,0.773471569690798,-2.00217966452277
